172,51,200,181,144,53,141,137,164,73,118,129,80,235,125,195,124,72,106,152,219,54,53,91,124,98,155,143,130,110,105,164,216,93,246,93,164,91,65,54,65,90,155,91,74,173,114,93,113,220,62,111,212,238,210,97,209,100,134,225,112,56,125,197,183,55,117,197,106,85,210,197,68,88,179,87,126,88,219,202,90,110,59,246,88,116,92,215,59,114,98,119,103,109,174,126,191,192,239,52,90,108,187,127,95,134,198,78,143,245,60,91,161,217,105,119,162,150,116,200,188,209,74,202,232,136,66,121,157,181,215,232,233,221,214,210,250,92,233,231,51,110,58,128,245,197,216,95,150,206
173.6409,50.5481,199.5800,180.2253,144.7805,52.5612,141.0931,137.2822,163.9278,72.8949,118.9157,129.9881,79.6384,236.1797,126.1000,195.4641,125.0118,72.5976,106.3583,153.2160,220.1607,54.3586,53.2926,90.9490,122.9782,98.7703,155.1271,143.5749,130.8866,109.5556,106.0227,165.5055,214.3973,93.1860,243.8500,92.1556,164.3149,91.3895,64.7101,54.3208,65.1755,89.4456,153.7104,90.7215,74.2546,173.2214,113.7127,93.2288,112.9887,217.8572,61.9702,111.3796,210.7619,240.3229,211.1088,97.3337,209.5225,99.9380,134.9862,224.8965,112.8870,55.7211,124.9575,197.4964,183.7210,55.4939,117.9617,198.4972,106.8862,85.5202,209.2818,195.1482,67.5906,87.8874,180.1134,86.7947,126.6174,88.3467,217.3400,200.3194,90.1566,109.1200,58.7227,244.2534,87.3594,115.8167,92.8574,213.5939,58.8749,115.0716,98.9741,119.5212,102.1369,109.2224,173.8712,124.7728,189.5522,193.9085,237.9388,51.5258,90.7470,107.4643,187.9948,125.8164,94.7131,134.7638,199.4929,77.6053,143.4833,242.7411,60.3432,91.0528,159.8827,216.2665,105.7308,118.5597,161.0150,149.3640,115.8979,199.7720,186.5035,210.0743,73.6566,200.6062,230.1672,136.5794,66.6600,120.7096,155.7754,181.4851,217.0425,233.3920,230.8051,220.6331,212.4207,209.2944,247.7850,91.3174,231.0987,233.0236,51.3958,110.4202,58.1717,128.4710,246.6905,196.3381,213.9739,94.8879,149.5770,206.7704
174.8807,50.5916,198.3705,181.7464,144.3143,52.5622,142.2105,137.4222,162.9639,73.4037,119.5602,130.5523,79.5460,238.2203,126.9650,193.8417,125.0843,71.8716,106.3136,153.9851,219.5134,54.6717,52.8033,90.3033,123.3349,98.7347,154.3856,143.5002,130.5123,109.7112,106.5252,164.1682,212.6778,92.3939,246.2348,91.5400,165.0707,92.0712,65.2226,54.1448,64.6606,89.2524,154.2238,90.0720,73.7318,173.3184,112.9236,92.9752,112.0147,218.0620,61.7137,110.8851,209.5901,240.1450,212.4177,97.7230,209.6775,100.4297,134.3545,224.8290,113.9279,55.3478,123.9478,199.1041,182.0308,55.1965,118.3203,196.6393,107.1598,86.1975,209.0348,196.7172,67.2567,87.6061,180.8699,86.6697,127.4607,88.7726,219.2482,201.6936,90.6579,109.4343,59.1901,244.4390,86.7845,116.0808,93.5594,212.5046,58.7689,114.7057,99.5818,120.0806,101.8876,109.5981,175.4361,125.1720,189.9958,192.4813,239.1666,51.0177,90.1626,107.8748,187.2692,125.0564,94.3778,135.6074,198.3199,77.3368,144.6398,244.9452,60.3468,91.4953,159.3199,217.0408,105.3734,117.4168,162.2162,150.3618,116.0161,199.9078,186.1641,210.7213,73.5859,201.4367,229.1683,136.5111,67.1506,121.5425,155.7785,182.9333,216.3783,232.5238,229.9558,218.9299,213.6910,210.2069,250.1935,91.6187,229.6844,234.4170,51.4574,110.9922,57.7656,129.2933,247.4207,196.3656,215.6900,94.8386,151.0698,205.6994
174.6883,50.1687,199.8306,181.2557,144.1209,52.4602,142.6485,137.4415,161.3506,72.7651,120.4019,130.8447,79.1451,238.5967,125.9849,193.2525,124.9042,72.3948,107.0429,153.2029,217.6081,54.1282,52.9786,89.5664,124.4449,99.4101,154.6141,143.2304,130.4183,109.6278,106.1758,165.7705,211.7420,92.3366,246.6042,91.3441,163.4728,91.7306,64.9643,53.6726,65.1313,89.7683,155.7475,90.1638,73.3543,173.5056,112.4064,92.5085,112.1469,220.0289,61.7236,111.5548,209.1835,240.0586,210.7098,97.7504,211.6108,99.7187,134.9967,225.7149,113.7592,55.5836,124.9518,199.7810,180.7020,55.1600,119.4657,196.9224,108.1971,86.6389,208.9847,195.1513,66.7039,88.1037,179.3144,86.0231,127.9323,89.4845,220.8005,200.0639,89.8220,109.0775,59.4399,246.4288,87.4441,116.1829,94.0160,214.2896,58.4152,115.1071,99.8168,120.7050,102.0731,110.5165,176.6290,125.2597,188.8520,194.3330,237.9134,51.4330,90.3105,107.5771,186.5089,124.1935,94.1928,136.8387,197.0070,76.7800,144.7989,243.7499,60.0016,91.7295,158.9407,215.6864,104.8971,117.5741,161.2851,149.9227,115.8352,199.3921,187.7055,211.1090,72.9825,202.0732,228.7604,135.8149,67.7724,121.2557,157.2896,184.4370,218.0921,233.5701,228.8750,218.0541,215.0458,210.1775,247.9417,91.5509,230.3367,232.6589,51.5305,110.5882,57.9990,130.3509,248.7815,198.0818,215.8927,94.9960,152.1575,205.0658
173.8428,49.8857,201.0535,182.5716,145.4324,52.3102,141.6700,138.1067,162.7189,73.2599,120.6620,130.2481,79.2559,238.0050,126.5896,193.1365,125.8960,72.2920,108.0084,153.4909,216.0500,54.5212,53.0465,89.1258,124.4125,99.6984,153.2689,144.2359,131.4721,109.0139,106.5644,164.8455,210.1286,92.1981,248.2219,91.9086,164.2346,91.5306,64.6577,53.6866,65.6003,89.2099,154.8940,90.0773,73.8370,172.7075,111.5498,91.6148,111.2408,220.3589,61.5606,111.1265,210.5599,240.0682,211.3335,98.4151,210.0406,100.2372,134.2029,227.3265,113.5886,55.0344,124.6020,198.1788,180.2321,54.9923,119.0858,197.2729,107.5955,86.9109,209.7328,194.7415,66.7719,88.5390,180.9569,85.5311,127.0137,88.7185,220.1204,198.3633,90.4418,109.2586,59.8976,246.1971,86.5959,115.3743,93.1003,216.3082,58.0810,116.1776,100.4197,121.3689,102.6692,110.4723,176.2299,126.3168,187.1901,195.3046,235.6817,51.8095,89.4092,108.4786,186.9341,123.5850,93.4525,137.6735,196.9440,77.0702,145.7372,241.6877,59.5948,92.2377,158.7976,217.6406,104.2321,116.7746,161.4399,148.5644,116.0854,198.6184,187.0335,211.3370,72.3432,201.9601,227.9231,134.8370,68.0598,121.5370,156.6667,185.0309,217.5468,231.4026,230.7884,216.7676,212.9727,208.1556,249.6525,92.2192,228.1163,231.6073,51.7572,109.5862,58.5593,129.1699,250.1448,198.9256,213.7597,95.6173,152.8939,203.9092
175.5465,49.4767,202.4046,181.3630,145.1823,52.4493,142.1885,136.8969,163.8937,73.7112,120.5292,130.7560,79.5698,236.4770,127.6124,192.9048,126.4424,72.6954,108.9330,154.0742,215.8901,54.3925,52.8099,89.6124,123.6312,99.7283,152.8122,144.6542,131.4773,108.4993,106.4813,165.4884,209.2166,92.2903,246.5737,91.1273,165.1872,91.3512,64.3176,53.2893,65.8351,88.7389,154.8723,90.5871,74.5148,171.4260,112.1767,91.6057,110.5088,220.9054,61.9608,110.7442,211.6759,238.9735,211.1180,97.8797,211.0614,99.4573,135.1424,227.5993,113.8658,55.2986,123.8494,198.5315,181.1874,54.7999,119.9241,196.6732,107.8064,86.7492,208.3360,194.0599,66.7345,87.9688,179.2668,84.7750,127.9943,88.2323,221.8286,199.0814,90.5268,109.4946,59.9180,248.0288,85.9516,114.4951,93.1822,218.3978,58.4295,116.3519,99.9919,121.9247,101.7185,109.5554,176.9877,127.0369,185.9359,194.6289,234.4939,51.3556,89.5290,108.1618,185.4349,122.8262,92.5684,137.2329,198.7480,76.4906,146.4309,240.1361,60.0144,91.4518,158.3752,216.2172,103.9569,117.1460,159.8836,148.9536,116.5961,197.8836,185.4886,211.8189,72.4213,202.7558,225.6803,133.5048,68.6056,120.5452,155.1188,183.1806,217.5990,230.4446,232.9024,215.2849,214.7830,206.3821,247.5255,91.6032,226.5514,231.7324,51.7655,109.4328,58.3250,129.8132,249.4494,199.9720,212.7636,95.1086,152.0469,204.8064
175.0444,49.3371,200.6680,181.3557,144.7670,51.9920,142.2084,138.1372,164.7525,73.7347,119.9145,130.5442,79.8371,235.1054,126.4205,194.3747,126.5182,72.7958,109.2010,155.0911,217.7252,53.9041,52.9968,88.9277,123.8834,99.7981,152.3721,144.1826,132.7474,108.5948,106.1427,164.8596,210.2376,92.9068,245.9030,90.9797,164.3844,90.6167,64.9132,53.3564,66.1775,87.9899,156.0060,90.1867,74.0722,170.6272,112.3383,91.8768,111.0613,219.9600,62.1392,110.2104,209.9698,240.3882,213.0898,97.4255,211.6693,100.3186,135.8938,229.3927,114.3804,55.7310,123.8791,198.6506,181.7998,55.2339,119.7898,198.3174,108.3648,86.5185,209.8652,194.1608,66.5357,88.4596,177.6641,85.1599,128.8723,88.3347,223.1019,197.9904,90.5576,110.1384,59.4554,248.7878,86.3264,113.6708,92.7443,219.6688,58.1818,116.1308,100.9139,122.3905,102.0969,108.5541,177.5328,127.2401,187.3639,193.5195,232.9322,51.1471,88.7823,107.2360,184.8341,123.7670,92.1778,135.9237,200.4572,75.8267,146.5656,240.0929,59.7359,91.2506,156.9594,214.1761,104.3436,116.7149,160.8525,148.9298,116.4259,199.8268,183.7228,210.3573,72.4141,200.8580,223.8117,133.9694,68.7758,120.5476,156.2946,183.0597,219.4225,229.6841,233.9318,214.6692,216.8062,208.1818,245.3572,92.0612,224.6710,232.2097,51.5916,108.3407,57.9039,129.6730,247.5187,200.6239,211.5508,95.7154,151.4782,204.9088
175.4365,49.6045,200.1382,179.8106,144.8278,52.0565,141.3608,137.7974,164.8678,73.0077,119.8282,131.6930,79.0898,232.7638,126.9920,195.2882,127.6113,72.9195,110.0178,153.7139,218.3566,53.4588,52.5262,89.5574,124.4706,99.4568,152.5275,142.7667,133.0448,108.6122,105.1577,164.3584,211.4485,93.4643,247.4571,90.7686,165.2458,90.8596,64.4484,53.5869,66.7916,88.8170,156.8422,90.0893,73.7640,171.7738,112.1630,91.4211,111.5478,221.3369,62.6102,110.5741,211.9561,238.7632,213.0941,96.7104,213.2610,100.3407,135.7742,228.2320,115.2612,56.2058,124.7314,199.8505,183.0142,54.8859,118.8746,197.6907,108.3193,86.2122,210.9187,194.7122,66.6208,87.8687,178.9184,84.8277,129.5888,87.5962,222.5040,196.9807,91.2422,110.7662,59.1225,247.4344,86.5784,113.9186,93.0577,219.2734,58.7112,116.7928,100.0904,123.3231,102.1357,108.5801,176.5244,127.6778,188.3232,195.1025,233.9058,50.6694,89.5654,108.0445,185.4477,123.1234,92.8654,136.1412,199.0460,76.3848,145.1733,242.4506,60.0035,90.4549,156.0459,214.9943,104.4188,116.8736,161.5892,150.0676,117.5715,197.9684,183.7522,208.8175,72.5980,200.9625,224.1698,135.2769,69.2600,121.2179,155.8289,183.7553,219.3786,231.0990,236.0232,215.7297,214.8767,209.6890,244.9744,92.3632,222.5546,232.1354,51.6618,107.8596,58.0939,128.5318,248.5979,198.7822,213.6367,95.3306,150.6481,206.8104
176.1207,49.4081,199.8300,179.1561,143.3854,52.4771,141.3891,137.3977,163.5027,72.7945,118.9798,132.6886,79.4378,232.7870,126.5170,194.5188,127.4454,72.7387,110.3347,153.8799,217.5399,53.4022,52.5693,90.1843,124.2765,98.8242,153.6715,141.7417,131.8314,108.0974,105.4332,164.5293,210.2221,94.3372,246.3832,90.7505,165.9596,90.5616,64.4510,53.4251,66.7208,88.4635,156.9300,90.3164,73.1474,172.2444,111.8243,92.0135,111.0168,220.6552,63.0009,111.4476,210.5784,237.8368,212.3397,97.4435,211.3801,100.2083,136.4802,227.2506,114.6756,55.7258,125.5995,201.0336,181.9051,55.0934,117.8476,199.2920,107.8644,86.2398,211.2014,195.7598,66.3717,88.6385,180.1959,85.6268,128.4277,86.9357,220.8841,196.2243,90.8006,110.8393,59.1496,247.7016,86.5698,113.3057,92.9256,217.2649,58.8686,116.8699,99.5079,123.0000,101.3594,109.1534,175.9242,127.6982,189.4117,193.3466,232.8673,50.4110,89.3629,108.1591,185.3402,123.9287,93.4505,137.0751,198.5205,76.5330,145.1646,242.6736,59.9291,91.3052,155.3967,216.2068,105.0557,117.4510,161.2725,149.3923,117.8608,196.3173,183.9139,209.1892,72.9218,201.3845,222.2195,134.4139,68.7128,120.9051,155.4518,184.2441,218.0887,232.1389,234.3144,213.6889,215.7920,208.4518,245.5378,91.6760,220.7252,230.9515,51.2247,107.8273,58.1496,127.9792,247.5488,198.4164,215.5723,95.6833,150.0275,208.0968
175.4867,49.5040,198.1234,178.7404,143.5918,52.4855,141.1770,138.1864,164.8663,72.5514,118.6348,131.6271,79.6015,230.9480,127.4710,193.4139,128.1693,73.0369,110.9459,153.1905,215.8475,53.2302,52.5503,90.8877,123.5855,99.4567,154.6058,140.8827,131.9421,108.5081,105.3953,165.8094,210.4660,94.1184,246.1614,89.8521,166.3878,90.2971,63.9895,53.9081,67.2973,87.6178,156.1203,89.4728,73.2907,172.7612,111.7907,92.4478,110.9080,221.7673,63.5855,111.9692,210.5531,235.5773,210.5816,97.4318,212.5300,100.2243,135.5985,227.1824,115.4875,55.5887,126.2300,199.8033,180.4717,55.4493,117.2748,199.3797,107.2992,86.1743,210.6227,195.3800,66.1925,88.9558,179.3958,84.7723,128.4174,86.8088,222.0990,197.6685,91.3545,110.7240,59.3401,246.5424,86.1058,113.5436,93.2081,215.9526,58.4836,117.7931,98.6183,124.2054,101.0371,109.0552,174.7138,127.5859,188.4533,194.9204,233.6032,49.9351,89.7955,108.8664,183.4868,122.7662,93.5551,137.2369,200.1365,77.1422,146.1575,242.6154,60.1173,91.7928,154.4115,214.2610,104.6544,116.8285,160.0985,148.8993,117.5166,197.8643,182.9502,209.1976,73.0822,201.7953,220.3529,135.5376,69.2309,121.5556,154.0620,185.6997,216.3396,232.9886,235.1720,214.5735,216.9228,210.2695,244.6244,91.4798,221.0254,232.4204,51.7134,107.3917,58.2369,128.7393,247.0487,198.6347,214.9385,95.7465,148.5752,209.9488
175.5850,49.6059,198.8208,178.0863,144.2926,52.7374,142.3459,139.3195,163.7980,72.3033,119.6432,130.3529,79.7527,229.3452,126.8260,191.6771,128.2514,73.4488,110.3801,153.2885,216.0417,52.9225,52.1878,91.7820,124.7645,99.0668,155.5180,141.2265,132.7549,109.3870,105.8801,164.9471,211.8298,94.1880,246.9393,90.0479,166.4843,90.3405,64.0164,53.8035,66.6929,87.4776,157.0383,89.6267,73.7114,173.3106,111.7505,91.7378,110.4755,222.7564,63.1392,110.8518,208.6918,237.9001,210.5731,97.5955,213.3461,99.7152,136.4392,225.2468,114.9863,56.1180,125.9321,200.0870,181.2586,55.2896,117.4742,199.7306,106.9365,85.9312,212.2360,196.8493,65.9952,89.3436,179.1196,85.4284,129.0339,87.6509,224.0623,199.0957,91.7162,110.2656,59.2998,245.8028,86.9272,113.4664,92.5855,216.8898,58.5842,116.9403,97.7347,123.4254,100.9118,110.1021,175.8739,126.6673,187.5073,196.1445,234.3460,50.3376,89.7164,108.3482,184.1216,121.9879,92.8348,137.0831,200.0764,76.4294,145.5436,241.9070,60.5117,92.5877,152.9044,214.3038,104.4430,117.9126,161.2768,149.9625,117.1946,196.8552,181.9622,209.0679,73.7151,201.1617,220.6922,135.2746,69.2904,121.7939,154.7553,184.3366,216.5646,231.3390,233.7892,214.3976,217.1961,211.1611,244.0569,91.6957,222.8687,233.0479,51.4145,107.4368,57.9841,129.1513,246.0111,196.9224,214.3109,95.1107,147.2024,210.5829
174.2013,49.9135,198.6538,177.0818,143.8135,52.5381,143.0833,138.9462,162.5433,71.7682,119.5475,129.3857,80.1451,230.6892,127.0644,190.3315,128.8054,73.0096,110.6914,154.0335,215.0609,52.5838,51.7379,91.0937,125.0889,99.1540,155.2380,139.9978,133.6205,109.5599,105.2469,164.1290,211.7239,93.8433,246.3812,89.5293,165.8483,91.0162,63.6438,54.1242,66.9037,87.4007,155.8762,89.9189,73.4328,171.9657,111.7974,91.0645,110.4136,222.9034,62.7603,111.8406,210.3113,239.6082,208.6148,98.5714,214.3659,99.5696,135.3450,226.1028,115.1381,56.2021,126.1689,200.6953,182.9189,54.8716,116.9385,198.1328,106.0447,85.4775,213.3991,196.8886,66.0876,90.0798,180.5525,85.4045,128.7268,88.4993,223.4350,200.1748,92.1821,109.5908,58.8313,246.9285,87.1150,113.4052,91.8022,216.7771,58.1834,116.2527,98.2175,124.2104,100.6777,109.5648,174.5514,126.1327,187.0385,197.1605,233.6945,50.3577,89.7828,109.2887,182.9101,123.0492,93.6480,137.8179,198.9640,76.8329,146.5246,244.0406,60.0179,92.9562,153.3479,214.1152,105.0864,117.9716,159.8285,150.1304,117.0587,195.8434,182.7228,208.7250,74.1663,200.5703,221.2660,135.0690,68.6530,120.7343,153.4492,183.5698,214.8624,233.1990,232.5127,213.2613,216.6879,212.0437,244.7500,90.9365,222.1734,233.8123,51.6839,107.4776,57.6037,128.7639,247.3052,195.4061,213.4194,96.0048,145.8422,212.3054
173.4871,50.3827,200.2272,175.9166,143.6524,52.5328,143.6842,139.9188,163.6811,71.1740,120.2671,128.1669,80.0602,231.4643,126.9704,189.2999,128.3932,73.6871,111.3466,153.9041,215.7405,52.2063,51.4213,90.5198,124.4509,99.1957,154.3097,139.1214,133.8423,108.9244,105.6237,163.9846,213.3923,94.7048,248.7563,90.2473,165.4337,91.2929,63.4338,54.3720,66.5799,87.2731,155.8138,90.0232,72.7484,172.9527,112.6963,90.4744,110.7051,224.3656,63.2499,112.0665,211.2997,240.1977,206.6455,98.5951,214.2930,99.2390,135.4018,226.9710,114.3966,55.8424,127.2993,199.2382,184.2542,55.2140,115.9094,199.1869,106.0553,85.0074,212.4303,198.8378,66.6758,90.3789,178.9167,86.2227,129.2520,88.0993,225.6648,202.1044,91.7581,109.0538,58.7136,246.9088,87.3188,112.4004,92.6596,217.8176,57.8786,115.5901,97.5299,125.3780,100.6012,109.7511,174.1988,127.2074,188.5049,197.8033,233.4515,50.3869,89.9175,108.3772,182.4382,123.4823,92.9400,139.0169,199.1789,76.1476,147.0228,242.8741,59.8174,93.6590,154.6912,214.7276,104.8258,117.8229,160.7300,148.9474,117.8874,197.3984,183.5414,208.1113,73.6352,201.7175,220.7527,135.9362,69.1747,120.9371,154.1151,182.3656,215.8250,235.3304,231.4431,212.6471,218.6077,210.2032,243.6193,91.6549,220.4360,234.0555,51.8028,107.2863,57.5876,128.5681,246.7017,196.8052,214.1194,96.8189,145.6730,210.8830
174.6911,50.3555,201.4365,174.5445,143.9915,52.7230,143.5090,141.0745,165.1902,71.7078,120.3561,127.7158,80.6414,231.4921,125.8454,191.0036,128.6346,73.3924,110.6251,154.3874,215.7836,52.3566,50.9379,91.4141,125.3470,98.2196,154.3714,137.8888,133.9279,107.8831,105.8054,165.5424,213.7807,94.2786,248.7016,91.0956,164.7455,90.4968,63.2359,53.9501,67.1764,88.0323,155.5053,89.3444,72.1300,171.9738,112.8766,90.7422,110.7959,223.5086,63.2347,111.5532,209.2966,238.8093,208.5384,98.2342,212.6172,98.2684,134.3538,227.6973,114.3394,55.5923,126.1867,200.9796,182.5775,55.7032,115.4249,199.6609,105.2895,84.4770,212.8891,199.0486,67.1652,89.8926,180.5556,86.5779,129.5208,87.2483,226.5404,201.0333,91.3470,109.7583,59.1963,246.9137,88.0139,113.0591,93.3490,218.2706,57.4213,115.4097,98.2478,125.1297,99.9513,110.6115,175.1081,127.9070,189.7754,195.9044,233.2881,50.3900,89.4787,108.1431,181.4275,123.2699,92.6519,139.9622,200.9237,75.7684,145.7643,242.6458,60.3235,94.0036,154.4653,216.5227,105.2514,117.3941,161.5272,150.4101,117.8922,195.5468,184.4151,207.3372,73.7398,203.4442,219.7240,136.4283,68.7624,120.1970,152.9408,181.7054,213.6927,233.2689,231.6005,211.4648,217.2218,208.6771,243.8093,91.7832,220.8725,232.6558,51.6712,108.0673,57.3100,127.7222,247.2840,196.4195,215.6567,96.1702,146.9579,210.2588
175.0685,50.6465,201.5574,174.1186,144.6682,53.1521,142.6192,142.4796,164.9887,71.4023,120.0793,128.5280,81.3897,230.8069,125.5358,190.9310,127.5078,73.9208,109.6383,154.3750,215.9951,52.0718,50.7993,90.7596,124.3267,97.2884,155.1556,137.7261,135.0476,107.5767,105.3420,165.4563,214.6828,93.7827,248.8359,91.3015,163.9745,89.6389,63.3092,53.8109,67.0327,88.2242,156.1833,89.5856,71.9180,172.7030,112.1632,91.1396,110.0868,222.1228,62.8945,111.7674,211.2724,237.8302,209.4517,97.2716,213.3741,99.1725,135.0068,228.6810,113.8203,55.9870,124.9552,202.9612,181.6938,55.2475,114.3192,200.3797,106.1592,85.0987,214.8307,197.1377,66.6588,89.2868,181.8881,85.8870,129.8783,87.7770,226.6673,200.7840,90.5030,110.7395,59.3738,249.3730,88.3712,113.5927,93.8064,219.2616,56.9252,114.5880,97.3223,125.9881,99.8554,110.5429,175.6544,128.7486,190.0601,195.4773,232.0563,50.4071,90.0066,108.0761,181.0719,122.9075,92.6223,139.2708,199.1556,75.9563,146.2715,242.1605,59.9121,94.1428,155.2593,217.3758,105.8808,117.7181,160.9844,149.8866,117.6634,194.4752,185.9494,205.8858,73.5451,203.4239,220.0492,136.4501,68.6730,119.4349,152.3657,183.4207,212.3720,231.2255,232.8465,209.9295,218.7727,206.7614,242.9950,92.5560,220.9564,230.9761,51.7570,107.7172,56.7816,128.4885,249.3958,195.3117,214.2162,96.9876,148.3775,210.8223
173.8815,50.6060,200.8882,174.2405,143.8262,52.8353,142.4195,142.2801,164.7841,71.9278,121.0303,127.7749,81.4158,229.2743,124.6244,189.9458,128.6426,73.7626,109.8028,153.6124,214.7380,52.5353,51.2200,89.9446,124.0407,96.4887,155.1029,136.7317,134.0941,106.5547,106.2268,166.8727,212.7120,93.6364,250.4882,91.8566,163.3022,89.8881,63.2092,54.0014,66.4039,88.3831,155.9022,90.3453,71.7713,174.2884,113.2714,90.3194,109.0916,221.0877,62.4052,112.5520,210.6850,237.1738,207.5709,97.3358,213.9076,99.2479,134.7395,229.4768,112.9963,56.5065,123.9880,203.1723,180.3602,54.7127,113.9053,200.0751,105.6391,85.6467,214.9896,195.1900,66.4081,89.7028,180.1129,85.6105,129.4653,87.2486,227.6918,198.7842,90.3546,110.0419,59.8904,248.8393,89.0216,113.7449,93.7107,219.6475,57.0447,113.6255,96.6858,126.6609,99.1404,110.3130,175.9460,129.5520,190.4478,196.8887,232.5019,50.4908,90.5179,108.2295,179.4350,122.6641,92.0295,139.6775,199.9761,75.4580,146.3125,243.1872,60.3530,94.7396,156.0325,215.3194,105.4848,118.5751,162.2562,150.3243,118.6189,193.3044,184.1680,204.1069,72.9112,203.0252,218.1171,136.1963,68.8090,119.8911,153.3439,181.7259,212.2106,230.1387,232.9350,209.9337,219.8797,208.1798,243.1894,91.9081,221.2039,230.5418,51.8118,107.4501,57.2995,128.4268,248.9568,195.7609,215.4329,96.8926,147.1281,212.7197
173.2277,50.9238,202.4552,172.5504,142.7907,53.0150,143.0718,141.8846,164.2239,71.4028,120.9529,128.5160,81.7740,227.6327,125.5068,189.9914,127.6160,73.2640,108.8519,155.0595,215.4037,52.6214,51.6256,90.3763,123.0980,95.8017,154.7275,135.8457,135.2098,107.1855,106.1206,167.1664,214.1372,94.4154,248.5243,91.1989,164.7948,89.7767,62.6593,54.5220,66.4013,87.8863,157.1931,90.2604,71.4038,173.5250,112.2202,90.6716,109.1396,220.5748,63.0180,111.5886,212.7455,238.3122,208.2891,97.0476,213.4413,98.4896,134.7233,227.5446,113.8731,56.8648,123.9830,203.1195,179.5558,54.4326,113.4998,201.8078,104.8299,86.3165,213.0547,195.1198,66.5795,90.0634,180.6532,85.9101,130.4233,88.1001,228.2110,199.0744,89.6534,110.7153,60.0186,251.3078,89.1107,113.0351,93.5758,220.2449,56.9364,114.1413,96.3648,127.1625,99.8225,110.8579,174.2042,128.6063,190.0859,194.9631,231.0603,50.6927,90.3133,108.8140,179.8298,121.8742,91.1423,138.4372,198.2723,74.7547,145.1303,241.7767,60.6174,95.6681,157.2870,215.9223,105.6472,118.7743,160.9614,150.8324,118.7588,194.8702,185.7445,205.8174,73.0001,204.5560,218.3265,135.7332,68.6315,118.9608,154.8191,183.1797,210.5554,230.3919,234.3093,207.9310,220.3634,209.9119,242.8489,92.7720,221.5799,232.1418,51.5196,107.2953,57.5814,129.1743,249.7236,194.1909,213.4165,96.2202,147.6402,213.1536
174.9565,51.3434,201.6089,171.5116,143.3419,53.1401,143.7500,143.2297,163.5374,70.9615,121.0859,127.6086,80.9923,228.2154,125.9260,190.4056,127.3838,72.5973,108.6908,154.6284,213.5598,52.9466,52.0335,89.8377,122.3914,95.8860,154.3562,135.3811,134.4391,107.4385,105.5794,165.9661,215.6576,93.8641,249.2699,90.6408,163.5193,90.3943,62.4826,54.5547,66.0573,88.2045,155.6809,89.7622,71.3324,175.2186,113.1225,90.8475,108.7096,218.3691,63.3570,110.6490,213.4646,236.6345,207.4351,97.4281,214.6792,99.1928,133.9096,228.0133,114.4766,56.6896,124.5286,203.6517,178.2881,54.8256,113.3364,202.8814,105.7964,85.8936,212.7948,195.2719,67.1214,90.5156,179.8439,85.3809,129.2025,88.8754,226.6089,198.1587,89.8686,110.4718,59.6236,251.9863,88.3015,113.8400,92.9395,219.2318,57.2814,113.2054,95.8695,125.9646,99.4072,110.0021,172.4935,127.7601,189.3940,193.1109,229.5446,50.3602,89.6757,108.7726,178.9522,123.0832,90.7030,137.8585,198.9226,74.4707,146.4335,241.1820,60.5980,95.9053,156.5635,214.2122,106.0888,117.6412,162.0946,151.8038,119.5426,195.4821,184.7155,206.2619,73.4294,204.9733,219.5142,135.8608,68.8484,119.0821,155.7790,181.5860,212.4757,231.1890,233.7516,207.5567,222.0602,211.5576,242.7372,93.5662,223.7603,232.4807,51.6628,107.0721,57.8302,129.0373,250.7125,194.2181,213.2286,96.2240,146.3350,213.8911
176.2162,51.8425,201.4597,170.0983,143.8206,53.0466,142.4878,142.9575,163.6257,71.6541,120.9140,127.4300,80.9566,228.0283,126.7949,191.7384,127.3048,72.2241,108.2473,154.3129,212.0777,52.8333,52.1240,90.2168,122.1099,95.3913,153.5844,134.2493,134.6945,108.0402,105.0473,166.0391,214.2385,93.9861,247.2010,91.4167,162.4171,90.7324,62.5013,54.6453,65.9133,87.4830,156.7769,90.0871,71.8845,175.3658,113.6655,90.9493,108.2139,219.3998,63.3177,110.8526,213.2938,235.5649,206.2195,98.1432,213.5586,98.6790,133.4248,228.1547,115.1017,57.1545,125.4426,203.6883,178.8194,54.6973,113.2253,204.4111,105.5446,85.9039,211.2116,196.3381,67.1509,90.5192,180.1244,85.4987,128.6935,88.7296,226.7947,198.2102,89.1065,111.0573,59.1932,252.6869,89.1068,113.5258,92.7071,217.6753,56.9331,113.9842,96.2779,126.2820,99.2601,108.9593,171.8311,126.7968,190.1440,194.1499,228.7825,50.7580,89.2399,108.1069,180.5377,122.9896,90.8681,137.4173,200.5657,73.8898,147.6870,242.3397,60.9822,96.3637,156.7326,216.0116,106.8887,118.2647,161.4916,151.8432,119.9300,195.7401,186.3004,205.9855,74.1622,206.4286,219.4747,137.1868,69.0040,118.1747,155.8444,182.8281,210.5124,232.2756,233.5833,207.1540,221.0077,211.1514,242.9168,92.9992,222.2387,232.6202,51.3198,107.7852,57.9562,128.2425,250.0958,193.5267,213.0410,95.6293,145.4746,212.2313
177.5695,51.8466,201.7216,171.3435,144.8734,53.4444,142.9410,142.1026,164.8594,71.7057,120.3118,128.1920,80.4644,229.9164,127.4085,193.4449,126.2049,71.9497,109.2107,154.5413,213.8677,53.2665,52.0406,89.8090,121.9560,96.0647,154.3677,134.5822,135.5808,108.0683,104.0766,166.6136,214.8470,94.4880,248.3529,91.8719,163.0993,90.3241,62.6513,54.6070,66.3233,87.9326,157.3005,90.6186,71.5898,176.3935,113.5518,91.5168,107.7334,220.8829,63.0442,110.8592,213.4047,236.8040,207.0526,99.0834,213.9387,98.4679,134.1934,226.4800,115.8199,57.7146,125.7035,203.8553,178.0505,54.2772,112.8132,204.7341,105.5552,85.5980,212.2381,195.0737,66.5573,90.5916,179.3535,85.6184,129.1954,89.5761,227.9831,196.7989,89.2865,110.0244,59.4512,250.8978,89.4223,114.0775,92.1268,216.6652,57.2884,113.0222,96.6611,125.4991,99.6353,108.4210,172.9136,125.5516,191.2735,193.9751,227.4144,50.6768,89.6057,108.5653,179.1404,123.9145,91.0571,136.1861,200.4053,74.1248,147.3207,240.7014,60.7260,97.2272,156.0492,214.1539,106.0828,117.8011,161.0233,152.6116,121.0453,197.4665,187.5039,204.2429,74.6680,204.6244,221.5509,136.3774,69.0744,118.4394,157.0756,181.7787,210.3776,231.2397,231.3736,208.4674,219.1601,212.5323,242.5768,92.9266,222.4120,233.0668,50.8661,108.2660,57.5181,127.6936,249.1304,194.8659,212.2911,95.1397,144.0664,213.0505
177.8110,52.1567,203.5694,172.1419,143.4449,53.5364,142.5779,140.8294,164.7935,71.3816,121.1949,127.7382,81.1966,227.9897,127.0722,192.9806,125.1725,72.0921,110.2526,155.0235,215.4888,53.4242,51.8762,90.2796,122.2048,96.5854,153.7688,134.4692,136.6709,107.6165,103.7457,167.5033,212.9606,94.5598,246.8330,92.1935,163.2004,91.1732,63.0197,55.1312,65.8763,87.2819,156.2151,91.5212,71.7201,176.2171,113.5609,90.9695,108.6492,219.8227,62.4428,110.0411,212.7389,237.5381,206.6137,99.1032,215.2095,98.7672,133.5949,228.7403,115.5327,57.8069,126.8877,203.7126,176.3590,54.2892,113.4337,203.7841,105.3145,85.0382,213.9912,196.4236,66.9101,91.1243,180.0530,85.8273,129.7587,90.2300,230.0760,195.5316,88.8972,110.9816,59.0042,251.8663,89.5367,113.1603,92.1028,216.7822,57.5164,112.1587,96.2106,125.8982,99.1072,107.4713,172.9966,125.2628,192.3293,192.0742,228.0830,51.0944,89.4588,108.4133,179.7853,124.6184,90.3778,136.3386,199.3030,73.4769,147.7686,240.0082,60.6228,98.1450,155.1660,213.6571,105.0644,117.2521,159.7963,153.3532,120.0721,199.2319,186.2026,204.9332,74.9577,204.0637,220.7666,136.3856,69.6974,117.7004,156.8305,182.8730,209.4856,228.9273,233.4236,209.5973,218.3097,212.3326,242.9115,93.7035,222.1051,231.8922,50.5996,108.6731,57.3455,127.5659,249.4991,195.4076,211.8410,95.5583,143.5593,212.4199
177.3452,51.9001,202.0060,172.0421,142.0593,53.5064,142.0076,140.9759,166.3920,71.8912,120.7150,128.8725,81.9177,229.9048,127.9973,194.0305,126.3692,71.5183,109.6176,156.4590,217.0144,53.7234,52.1086,89.9365,123.0114,97.1784,152.6462,135.7009,137.1110,106.7857,103.3141,167.4095,213.7145,94.2553,244.4338,91.4836,163.9413,91.2461,63.1142,55.5238,65.2794,87.3902,157.7117,90.9245,71.0144,175.9668,113.5609,90.1999,108.4058,218.0377,62.4303,109.7506,213.3729,238.5310,206.1385,100.0645,216.2597,99.0418,134.1853,230.8081,115.8862,58.1515,126.1314,202.6615,175.0751,54.6833,113.3089,204.7378,105.8179,84.4243,213.1994,196.5729,66.7656,92.0082,181.4250,84.9948,129.5666,90.1651,227.8121,194.8120,89.0394,111.0061,58.5463,252.6320,89.9755,113.2146,92.4565,215.9628,57.9018,113.0807,96.4242,126.4672,98.6335,106.6029,171.8341,125.8867,193.2640,190.1650,225.9572,50.7224,89.9687,108.8795,179.4688,124.3915,89.9783,135.2425,199.0240,73.5386,148.4247,238.5778,60.0360,98.7908,155.3118,215.7936,104.9425,117.5476,158.6298,153.0557,119.5246,197.6301,187.4390,204.2365,75.2515,202.3863,221.8396,136.2519,69.0994,117.7875,155.3155,182.7523,209.1002,228.4603,234.1285,210.4650,220.3313,211.3940,243.8880,94.2938,223.0912,232.1936,50.9932,108.3470,57.2457,128.0532,247.3834,195.5405,212.4173,95.2965,143.1114,210.5209
178.9235,52.2198,202.4261,173.7040,142.3263,53.3737,142.8681,140.0764,167.2872,72.4362,120.1959,129.7746,82.5107,228.9484,126.8146,195.4391,126.3919,71.6728,110.4463,155.4201,218.1603,53.6385,51.7459,90.7657,123.6043,96.9122,153.5652,135.0577,135.8907,106.8690,103.4815,167.8515,214.4240,94.5324,243.1823,91.6574,163.3544,90.5982,62.8946,55.7481,65.5719,87.2608,156.8506,91.0263,71.6038,176.5616,113.9833,89.5324,108.2865,216.1495,61.8871,110.2664,211.3160,240.6492,205.9983,100.8030,216.9648,98.8358,134.5584,231.5098,114.9869,58.7307,125.7732,203.6343,174.1682,55.1295,112.4636,204.7051,106.8253,84.9105,212.3082,196.8009,66.6374,92.0027,179.6325,84.7772,128.8307,90.9621,226.8598,193.9237,89.2407,111.6343,58.0252,253.1675,89.4536,113.3143,92.3012,217.1031,57.8126,113.7343,95.7300,125.6351,97.9667,107.2830,171.0952,124.9022,193.9946,192.0552,226.5764,51.2084,90.1073,108.7663,180.6210,123.9388,90.0935,135.9511,200.0032,74.0828,147.6974,236.4115,59.7250,97.9293,156.1319,215.4829,104.3800,117.8179,159.6704,153.4537,120.3780,199.4166,185.7108,204.1425,75.8490,203.0178,222.7047,136.7315,68.7124,116.7203,154.4831,184.0352,208.5356,229.0268,233.4121,209.7326,220.3533,209.3816,244.8245,95.0369,222.1944,230.2711,51.2839,108.6851,57.1198,126.9673,245.5181,195.1846,211.0960,95.3708,142.7078,210.1125
179.1418,51.8375,202.0780,174.9616,142.0360,53.3491,143.7054,140.8833,165.7983,72.4463,119.4844,129.8395,82.4134,226.6772,126.8425,194.9114,127.6255,71.3760,109.5119,154.4161,219.8183,53.1440,51.2833,90.6114,123.8169,96.9723,154.0136,136.3678,135.8010,107.8437,102.8357,169.0902,214.2182,93.9652,242.5062,91.8114,164.5143,91.2614,62.9235,55.5630,65.8342,86.8751,157.5501,90.7514,71.1870,177.7093,113.9925,88.9182,107.9443,215.8339,62.3340,110.4803,210.6017,239.9609,207.6010,101.0510,218.9869,98.8476,135.7721,231.8941,115.2077,58.3712,126.5278,203.5976,174.0603,55.0005,112.5446,203.8985,107.7888,84.9819,214.1723,196.6435,66.1269,92.1867,178.5834,85.1027,128.7019,91.0440,227.2092,192.8881,89.2157,112.5408,57.9718,252.7777,89.8472,114.0417,91.5517,215.7440,58.3791,114.3848,95.8104,124.6526,97.4338,107.1929,170.8933,124.0879,193.6493,192.7005,228.1262,51.5556,90.5578,108.7402,181.2532,123.3191,90.2377,135.8179,200.2632,73.8946,149.0592,234.7471,60.1980,98.7970,156.7283,214.3667,103.3905,116.6539,159.0764,154.0000,121.1893,200.3100,187.5196,202.4522,75.5775,204.7069,222.1213,137.3550,68.7729,117.4206,153.1792,182.3237,209.4031,229.2238,234.7566,209.4012,222.1161,207.5139,243.1059,95.6356,224.2297,229.2256,51.0552,108.9394,57.2637,126.6448,245.4641,195.6648,209.8885,95.2430,143.8894,209.6166
179.9372,52.1931,201.8799,173.7019,143.1098,53.1581,142.7971,141.6553,166.9788,72.1841,118.5476,130.6315,82.5502,224.8185,127.6416,194.6113,127.6612,70.6694,109.3652,153.9776,220.8822,53.5330,50.9951,90.6513,122.6431,96.2682,153.8904,137.3387,136.0319,107.9299,103.6810,169.5096,214.3382,93.5348,244.5045,92.1272,163.8529,91.9185,63.0720,55.2185,65.9395,86.5954,156.9798,90.3811,71.7238,179.3086,114.2478,88.5039,107.4716,214.4871,62.5010,109.6539,210.7112,239.0683,207.1027,101.6835,217.7430,98.7547,136.0871,232.4414,115.6155,58.1459,126.1887,204.9698,172.9672,54.9686,113.6205,203.4867,106.7778,84.8102,215.5259,197.7880,65.4696,91.4639,177.4298,85.4159,128.7353,91.4154,229.1677,194.4968,88.7339,112.9212,58.1910,250.5785,89.0476,113.3233,92.3281,217.4441,57.9962,113.9410,96.6439,125.8692,98.0398,106.9635,169.9534,123.9886,192.0652,193.7025,229.8690,51.8669,90.0253,107.7615,180.4448,123.3783,90.7610,136.2987,201.1204,74.5124,149.4348,234.5828,59.9211,98.4354,155.2300,214.6154,104.0770,117.0109,158.9523,152.6479,122.1031,201.1714,187.7334,203.4645,75.0938,204.4612,220.4243,137.7479,68.4304,117.9068,154.4261,181.3975,211.1579,229.5080,236.8975,207.8391,221.2099,209.0412,244.5888,96.3815,223.8979,230.0508,51.1675,109.0440,57.7516,127.7795,244.2858,197.2496,210.4049,95.8850,144.3729,210.8198
180.4086,52.1639,202.2433,174.8727,141.9077,53.5334,144.0595,140.8451,167.4163,71.8073,118.0094,129.3696,83.2502,225.2771,127.8688,196.3083,126.5991,71.3097,109.3870,154.3902,221.3682,53.9430,51.4071,91.0157,122.6333,95.3941,153.3795,137.9485,137.3677,108.0551,103.5380,168.0891,212.7392,94.2438,245.9960,91.5376,162.2242,92.2531,63.0418,54.7072,65.9751,86.4187,155.4131,90.0160,71.4096,180.0044,114.5494,89.3553,107.9853,212.3766,62.5010,109.7592,212.0008,240.9665,206.0631,102.5316,217.1203,98.2353,135.8884,231.3442,115.6641,57.9226,127.3648,206.0931,173.7870,54.7114,112.9297,203.2343,106.1136,84.4319,214.1379,199.2516,66.1112,92.2597,177.2559,84.9786,127.6231,91.6001,229.4977,193.2365,87.9229,113.9194,58.0618,250.3480,89.4020,114.3205,92.9799,216.6700,57.4812,113.7929,96.1143,126.5162,97.8143,106.1848,169.9058,122.9024,192.9910,193.4120,228.5220,52.1439,89.5644,108.6193,179.4560,124.1358,91.3546,137.2337,200.4365,74.0936,148.2214,236.2155,60.3406,97.7424,155.3666,212.5036,104.8742,118.1295,157.6839,151.1305,123.0555,200.2822,188.3717,204.0057,74.6072,203.8724,221.1252,136.4696,68.3401,117.4587,155.1735,179.8846,210.2288,230.8438,236.6464,206.8913,219.2721,208.0838,246.3058,96.1522,225.3084,231.6566,50.8308,108.3090,57.9179,128.5207,243.3771,198.9854,208.9699,94.9472,145.3055,209.0658
180.5097,51.8488,202.7772,175.0091,141.6551,53.2765,144.6616,140.9098,166.1908,71.8187,118.0802,129.8768,82.6924,223.8398,127.9762,195.6840,125.4141,70.7834,109.8727,154.9244,223.1834,54.1933,51.0298,90.1329,122.8467,95.0354,152.4132,137.9485,137.5820,108.7164,103.8693,166.8150,213.0115,94.0327,246.3010,92.0282,160.7090,91.5612,62.4416,54.7444,66.5385,87.1758,154.5397,90.7343,70.7984,178.8631,114.0110,89.2213,107.5576,212.9287,62.7048,109.4211,210.5380,241.2701,207.6374,103.1406,216.0390,98.6262,136.8586,229.6277,114.9794,58.0605,126.1931,205.7510,172.9598,54.6162,112.1776,202.4173,105.6425,84.9335,215.5855,197.8648,65.4805,91.9607,176.9829,84.1288,126.7603,90.7702,227.3680,194.7707,88.1392,114.1564,58.4706,252.2706,88.5813,114.7321,93.1603,218.1780,57.6042,113.0373,95.4261,127.6675,96.8988,105.2016,170.4937,121.7422,193.6201,194.4177,226.7944,52.6549,88.9983,108.6106,179.6570,123.4704,91.2925,138.4221,198.7368,73.8388,148.9329,235.0817,60.9428,97.9594,154.7358,211.5558,104.8533,119.0155,158.0276,152.1431,123.5108,200.4945,189.1101,202.8225,74.9280,205.2179,220.5414,135.8800,68.9743,118.1870,153.8421,178.7441,208.5344,230.5160,234.5403,207.7727,217.5881,209.7318,245.2812,96.1060,223.5871,230.5771,50.4333,107.3256,57.7488,128.3227,244.0196,197.5448,209.8894,94.8352,144.3233,208.0205
180.4880,51.3760,201.5362,175.7861,142.7656,53.6771,144.6587,141.4791,166.4235,71.1767,118.9918,130.0378,81.9449,225.1471,128.1784,195.0304,124.9275,71.3200,110.4682,154.7571,220.9605,54.4621,50.6256,89.2532,122.3013,95.1191,153.1387,137.4160,138.3277,108.9621,104.0105,166.3512,213.7783,93.5362,244.2715,92.3172,159.2530,91.1968,61.9895,54.2440,66.5385,86.6266,154.1904,90.0193,71.2132,179.3103,113.3087,89.8030,108.3686,211.6299,62.5167,109.0185,211.1443,243.2581,205.9929,103.3077,217.9661,98.5118,137.3814,229.9813,114.2458,57.9293,126.6120,204.6235,173.0394,54.2262,112.3974,201.3000,105.1100,85.0813,216.2969,196.0721,65.3823,91.3170,177.5811,84.1204,127.6198,90.9917,227.6909,193.4853,87.5151,114.4463,58.7875,254.1576,88.5405,115.2002,93.8161,216.1140,57.7770,113.2023,94.8154,126.4112,97.0306,105.4604,170.1118,122.7040,193.1322,193.6362,225.3248,52.4738,88.1973,108.1088,179.0354,123.2531,91.6522,137.0767,200.6407,74.0307,149.0460,236.7131,61.5071,98.0260,154.6337,212.4359,105.3817,119.1345,159.1370,152.6269,123.7381,200.5747,187.2492,202.7129,75.5634,206.3261,219.5843,136.8393,69.6392,118.8890,153.2852,177.8147,206.7452,231.0001,233.7616,209.3601,217.9232,207.7939,244.7857,96.6480,224.7989,232.6200,50.9124,107.4737,57.8147,128.4613,242.5067,198.3705,210.0657,95.7513,143.2177,207.2383
179.1055,51.7798,200.4197,174.8931,142.6743,53.7855,144.0801,142.8515,167.1691,70.7781,118.3588,129.1380,81.2484,226.8177,127.8144,196.1343,126.1143,70.7380,111.4779,154.0514,221.0268,54.1702,50.7724,89.7601,121.9123,95.8325,153.4480,138.4521,137.1740,109.9559,103.1577,167.1564,215.6724,92.9862,241.9362,93.2238,160.6035,91.2406,61.9573,54.4436,66.1579,86.4828,155.5041,89.8105,71.3001,180.7735,112.5428,89.1241,107.8029,211.1220,62.3866,108.0242,211.7144,244.8150,205.7086,102.3800,216.7193,97.8853,136.2934,232.1615,114.5543,57.6420,126.3639,203.4448,172.8663,54.1145,112.6897,202.9788,106.0749,85.7415,216.6559,195.5153,65.2189,91.5106,177.2295,83.4542,126.4993,90.8406,225.6963,195.1492,88.0297,115.3070,59.0226,252.8818,88.2005,115.9121,93.9550,214.7093,57.6187,112.7111,94.2143,127.1950,96.3979,105.9265,171.7040,122.2034,194.5034,195.0381,223.7745,52.4990,87.7669,107.2158,177.9862,123.2655,91.9876,137.4934,202.5629,74.4971,150.5276,235.8799,61.3496,97.5006,155.7192,214.4540,105.2700,118.8581,159.0797,152.1141,124.1217,202.2595,188.1368,203.0089,75.4394,205.9795,220.2518,135.5257,69.4526,119.5048,152.8775,179.5821,207.3778,232.5801,232.7985,209.4396,216.5808,206.3601,246.3671,96.6132,225.9948,234.0576,50.7811,106.8998,58.3211,129.2193,241.8180,199.6044,208.8893,96.2205,143.6073,208.4278
178.0273,51.5799,199.7704,175.7746,143.7472,53.8447,145.3250,141.4744,167.3128,71.1844,119.2441,129.3291,81.8935,227.9381,128.8446,195.0909,125.1205,70.7352,112.0375,153.9898,223.0204,54.6079,50.3063,90.6452,120.7517,95.1885,154.6418,137.6076,135.8764,109.6546,102.4727,167.2567,217.0613,93.4270,239.8314,93.6563,160.4461,90.7278,62.0217,54.0135,66.3921,86.4015,156.1884,89.9793,72.0031,181.1025,113.2068,88.7034,107.6434,211.4429,62.6062,107.1708,213.0525,243.0915,207.5477,102.5356,216.9750,97.6680,137.5091,230.2206,115.5738,57.9763,126.2375,201.8376,172.6174,54.0777,111.8670,203.4944,105.2603,85.2802,215.0830,196.4147,65.6545,92.1914,178.2008,83.1854,126.2488,91.1749,224.4775,195.3873,87.4558,114.6728,59.1076,254.8896,87.8812,115.6339,93.6581,214.8038,57.3836,113.6195,94.3556,127.6503,95.9179,105.6490,171.8311,121.7146,196.0984,193.2438,223.9535,52.1262,87.7634,107.0035,176.9503,122.2078,92.2452,138.4641,202.7979,74.5210,151.2772,236.2196,60.9840,97.6293,154.9188,213.4118,105.1290,119.4928,158.6120,153.4527,124.0894,203.4852,187.7379,204.9903,75.5375,207.6232,218.2519,135.2113,68.9789,119.0101,151.8257,180.6560,207.5396,233.6407,231.4995,210.7130,214.5362,206.6531,248.7667,96.0452,224.0422,231.8855,50.9466,105.9655,58.0132,129.7982,244.2168,200.5944,208.9645,95.5623,143.7279,209.0031
179.7221,52.0039,200.7253,175.2965,144.3394,53.5001,146.4178,140.7189,167.3061,70.9893,120.3197,128.3410,81.8574,226.3517,128.8987,194.4978,124.2822,70.9757,111.1995,154.7166,221.5753,54.6997,50.0558,90.1466,120.9908,95.7691,155.1026,137.1370,137.1427,108.7225,101.6509,168.8456,216.2148,92.8664,239.6635,93.6057,159.1850,90.9619,62.5477,53.5868,66.3948,86.2753,154.8857,90.6632,72.1918,182.6020,114.0807,88.3929,107.7704,212.6312,62.0390,107.6424,213.7172,240.9377,207.2986,103.0278,218.3724,98.5665,138.1417,231.7539,114.5914,58.0830,125.1771,203.5330,173.4011,54.1761,111.3525,202.4769,104.3740,85.2904,213.4699,195.8804,65.3604,91.7028,179.6370,83.4766,125.5241,90.6188,225.4787,196.2001,86.9993,115.0076,58.7057,254.7520,87.9357,116.7463,93.2104,215.1432,57.3595,113.0423,94.5594,127.5737,96.1999,105.9617,172.6902,122.2988,197.6397,191.7906,223.4071,52.5401,86.8946,106.1839,177.6723,121.3524,92.5717,139.3697,201.4229,74.0381,150.0155,237.4999,61.2633,97.5024,155.1976,213.7105,106.0793,119.8895,159.1100,153.9346,124.0100,204.2178,189.4464,206.9213,74.8395,207.1498,216.3531,133.9078,69.4783,118.0770,150.6961,180.1791,206.6139,233.8977,231.3976,210.7172,214.1544,207.3475,249.0652,96.0605,225.4716,229.8264,51.2839,105.3509,57.6477,128.9623,242.7662,199.9044,209.5747,96.4644,144.8490,209.6510
181.4007,51.8167,200.5848,176.7584,143.1732,53.0689,147.3549,141.2677,166.4294,71.0759,120.1175,127.4555,82.4927,224.4458,128.7749,193.4514,124.4488,71.6797,112.0068,156.2298,221.6196,54.9819,50.4172,90.6442,121.0562,95.1888,154.2000,136.7557,137.1043,109.2400,101.6529,170.1187,215.4494,91.9452,240.6078,92.9692,158.8029,91.0783,62.0948,53.3618,66.6298,85.7577,155.2420,90.7339,72.0387,183.4201,113.8001,87.9351,107.1389,212.6652,62.5142,107.7156,214.8755,243.2073,206.8674,103.8520,218.7174,98.8622,138.0532,231.4990,114.3393,57.7403,125.7855,202.1938,174.5282,54.4622,111.8068,202.5458,105.2278,85.4542,212.5050,196.4171,65.4284,92.5979,179.6406,82.9774,125.8254,91.4978,226.3220,196.6592,87.7718,114.7799,58.5202,252.9840,87.2744,116.5665,93.2402,216.8643,57.1106,113.1712,94.6540,126.3822,96.8983,106.3855,171.4365,122.7635,196.3234,193.5052,223.6305,52.9731,86.2238,106.8359,177.6652,121.8863,92.1941,139.4728,200.7985,74.1788,151.5127,237.1056,61.4508,97.7071,155.1076,214.8346,106.1005,120.6856,159.0241,153.8299,123.9901,204.1932,189.6055,205.9653,75.1748,205.5299,217.6772,133.3856,70.1106,119.1303,151.3712,180.6872,206.6387,235.5583,233.2396,208.6901,214.6255,209.3836,250.6094,95.4803,226.2969,231.9730,51.2121,106.1958,57.4598,129.3775,242.4214,201.6755,208.2628,96.0516,145.4805,209.4414
182.6378,51.4519,198.7354,177.3877,143.4280,53.4754,148.2744,140.3890,165.2145,71.3688,120.8454,128.0851,82.2732,225.3571,129.6789,191.6059,125.5738,71.0447,112.7998,155.3580,220.9946,55.2667,50.0552,90.7584,121.9278,95.0859,155.3071,137.0648,137.4060,110.0069,102.5230,169.2477,216.0828,92.8003,239.0102,92.0711,159.2762,90.4535,62.3805,52.9221,66.3873,85.9532,155.7946,90.9988,71.3414,184.1941,112.7099,87.0979,107.5332,212.4695,62.5130,107.3967,215.8897,242.6674,207.0826,103.4470,220.8171,99.2873,137.2967,229.6794,113.3034,58.2980,125.2572,203.5040,176.2141,54.4393,111.7307,202.4161,105.1625,84.8218,212.4243,194.9244,65.6704,92.9294,178.9436,83.1965,127.0836,91.1720,224.3168,196.7615,87.0556,115.0669,58.9286,255.0787,86.6147,117.0118,93.2290,215.0166,56.7291,112.0621,93.9857,126.3316,96.0591,107.3579,171.3748,123.6352,194.9099,193.0214,224.9633,53.3693,86.7618,106.8017,177.5337,121.4890,93.1160,138.3877,199.1238,73.8583,152.4672,234.7962,61.6007,97.9748,156.4819,216.0592,106.7987,121.7910,159.1736,153.3592,124.3100,205.0713,191.1906,205.0591,75.6469,203.6555,217.3899,133.9778,70.6714,118.8634,152.5428,181.0522,207.9901,233.5844,232.9690,210.6101,213.9172,210.8493,248.2336,95.2703,225.8714,233.9262,51.2019,106.1321,57.0104,130.5083,241.2627,200.2396,207.4589,95.7192,145.5067,207.7658
181.9292,51.0639,196.8394,178.8813,144.4377,53.3096,148.8556,139.3052,165.0823,70.7964,122.0418,127.1296,81.8043,226.0872,128.4599,191.6863,126.0585,71.0134,112.4253,155.9577,218.8863,55.4889,49.6288,91.3484,121.1279,95.8048,156.6210,138.3258,138.6509,110.2533,102.1642,170.2632,214.3023,92.8207,238.8142,91.5040,160.7702,90.8732,61.8752,53.1009,66.9436,86.4311,156.1312,90.5438,71.7666,184.2715,113.8099,87.9480,106.8062,211.2032,62.0304,107.8457,214.5253,241.7113,208.4535,102.4684,222.2038,98.7472,137.8102,229.5554,114.2144,58.1570,124.0246,204.1227,175.9322,54.3598,110.8727,202.9627,104.6767,84.1738,213.1083,196.5422,65.7374,92.0428,177.7268,83.9303,127.9529,90.8766,224.2360,197.6509,86.6517,115.9874,59.1090,255.2114,87.4565,118.1468,93.0314,213.6491,56.6746,111.6721,94.2921,126.7233,95.6711,107.6886,170.1238,124.3102,194.8241,191.9830,226.3446,53.6618,87.5097,107.0217,179.0960,120.5414,92.1941,137.5463,197.9131,73.4033,151.9183,235.9327,61.3863,98.4216,157.1673,216.7765,107.3583,121.5572,160.3451,153.5923,125.1553,205.2764,192.3263,205.1944,75.8905,201.7289,216.6160,134.2243,70.0283,118.0433,153.9767,182.1965,208.4186,232.8229,233.7145,211.0608,211.7952,209.7951,248.3279,96.0801,223.8702,232.8220,50.8393,105.8285,57.4198,131.7847,240.9104,200.8764,207.5211,95.9107,145.6202,207.7658
180.3682,51.2764,195.4734,179.6326,145.6741,52.9674,149.2129,140.4698,164.8050,70.5769,121.9735,128.0169,81.9581,228.3255,127.5890,191.2301,126.6359,71.5630,112.8030,156.8872,219.6699,55.2669,50.0119,91.1182,120.0668,95.5308,156.8904,137.8914,137.7330,109.5786,101.1467,171.2950,212.7293,93.5113,240.2375,92.1134,159.3007,90.9568,61.4779,53.5576,66.4348,87.0292,156.2623,90.8155,72.3192,185.3218,114.8592,87.9832,106.4559,211.0427,62.6346,107.7896,214.6669,243.6837,210.0169,102.8803,223.6437,98.2772,139.0974,227.6317,115.2743,57.8173,124.2528,202.4897,174.2467,54.7110,110.3139,203.9815,103.8037,83.7984,215.1371,196.3142,65.8281,92.5049,178.7754,83.2857,127.8659,90.9439,222.3794,196.5282,86.1993,116.5720,59.1066,254.2977,87.7644,118.0098,92.8155,211.5425,56.1770,110.6202,95.0804,126.9742,96.4039,107.6433,170.2190,124.8050,195.4982,190.6391,225.3487,54.1458,87.8912,107.0131,180.3210,120.9729,92.0724,138.1295,198.0556,73.7542,151.2317,234.0782,61.8087,99.3212,156.7681,216.1088,107.3776,121.7104,159.5434,153.5708,125.7060,203.4124,191.1108,205.2559,76.2639,201.2528,217.0492,133.2284,70.5213,118.8035,154.7743,181.2527,208.2644,234.7926,232.0738,209.1908,212.0154,209.3461,250.4040,95.7303,224.0582,233.9396,50.7895,106.0762,57.1568,133.0129,239.2048,200.3460,205.6825,96.2713,145.4950,207.5456
181.2340,50.8938,194.0269,178.0734,145.7411,52.6104,147.7834,140.1439,164.6666,71.1091,121.4124,128.4701,82.1498,226.4669,128.1274,189.8036,125.8102,71.9509,112.0563,155.5756,219.8193,55.5278,50.1319,90.2143,119.5553,96.4250,157.7815,137.2654,138.5732,110.5253,100.4245,170.4796,211.4359,94.4408,240.1366,92.2037,160.5847,90.2273,61.3710,53.5780,66.7192,86.4444,157.4749,90.4776,71.6510,185.3070,115.4749,88.3351,106.7817,211.7898,62.4078,107.3153,216.0966,245.8963,207.9881,103.0243,224.8469,97.7956,139.2504,225.3599,114.5227,58.3203,125.2841,204.5105,172.5879,55.0218,110.4970,204.6424,103.5213,83.6660,214.7842,194.9950,65.9427,93.2949,179.1258,84.0602,128.3901,91.4168,221.1474,195.9386,86.4183,116.4601,58.8300,256.7288,87.6556,118.4110,93.6843,211.1745,56.1354,111.6556,95.5101,126.0625,95.4707,107.3914,170.2020,125.0021,197.2303,192.2404,225.4749,54.0472,88.1109,106.5722,179.9135,121.8318,91.2622,136.9250,198.0041,73.9504,152.3357,233.2168,62.3031,99.5456,156.9280,216.2299,107.0834,122.8642,159.0169,152.8244,125.1856,202.7330,191.5580,203.2321,76.8054,200.9872,218.5382,133.7799,70.1504,118.8985,156.1147,182.2641,208.9516,236.4549,230.3936,210.8141,211.6169,207.7677,249.5175,95.6959,225.8776,233.3922,50.9998,105.7198,57.3591,132.4462,238.7551,200.5143,205.3904,96.8566,146.8801,206.0803
182.7383,50.6720,192.8860,179.4944,146.4582,52.8419,148.3598,140.2084,164.7983,70.9939,122.2307,128.2594,81.6734,226.6481,127.0486,188.4635,127.0230,71.4962,112.2916,156.1824,220.9887,55.6011,49.9274,89.5160,119.1536,96.2128,158.6967,138.3608,138.3708,111.2327,100.3160,171.1547,209.3258,94.6146,238.9551,92.5393,161.5386,90.0360,61.9233,54.0366,66.1134,87.0166,158.9772,91.2286,71.1064,185.4552,115.7220,88.0012,106.0705,213.4587,62.8372,107.2681,214.0350,246.2996,207.2893,103.7249,224.3298,97.9521,140.0803,224.3098,114.4127,58.3542,124.4247,204.5760,171.2072,55.1769,111.5091,203.1240,103.5752,83.0636,215.8796,196.2625,65.7541,92.5616,178.3663,84.7731,128.1847,91.3254,219.4666,197.8980,86.9160,116.4345,58.6452,256.8366,87.6293,118.2879,94.4225,212.2557,56.0232,112.2831,95.1644,126.0121,96.2746,106.6010,168.8166,125.1421,196.5164,193.1017,226.7917,54.4829,87.6651,106.0436,179.2766,122.0998,90.4427,137.7630,197.8220,73.7611,152.9084,234.4808,62.3879,99.7627,157.5117,218.3922,106.6894,123.3311,158.2504,154.1387,125.0779,201.7518,190.4852,201.2852,76.9052,202.7317,220.2165,134.9198,70.7635,118.2208,157.6009,182.6395,210.9242,234.7193,228.4168,209.6673,212.0528,207.4103,249.2431,95.0490,226.7179,235.0913,51.0059,106.3414,56.9725,132.5416,238.4829,199.2631,207.3457,97.1433,147.3531,207.2838
181.4079,50.4905,193.8928,178.0549,146.5695,53.2022,147.0215,141.4394,165.2235,71.2111,122.9665,129.1906,81.0772,228.7650,126.8046,187.6720,126.3523,71.6978,111.2742,157.6067,220.8296,55.8491,50.4237,89.3263,119.3014,95.6336,157.3414,138.3027,137.0646,110.7188,100.2398,170.2305,210.8497,95.4529,240.2981,92.6429,160.9280,89.6057,61.9989,53.8529,65.7947,87.1367,159.8929,91.4092,71.3269,184.0198,115.5901,87.4556,105.6823,212.4554,62.5946,106.7275,214.1634,244.1124,207.0612,104.0485,224.1862,98.8983,140.7499,225.1891,114.6187,58.4113,124.4197,204.7028,169.7040,55.1593,111.7478,203.8837,103.8155,83.2363,216.8295,194.9985,65.8488,91.6878,177.8491,84.2576,127.6925,92.2222,219.9802,198.7450,86.2746,116.7465,58.7098,255.4035,87.6152,118.9219,93.6445,212.4382,55.5234,112.0563,95.0331,126.2011,97.0737,105.5670,170.3427,124.1285,198.4422,191.6380,228.4518,53.9773,87.5722,105.6385,180.6678,122.2415,90.0755,138.9946,197.4026,73.7094,153.2663,232.3189,62.7098,99.0424,158.8915,219.3444,106.5080,122.6281,159.4342,155.1498,125.8759,203.2327,188.7709,201.7964,77.3282,202.3222,220.3222,133.8701,70.6942,118.7717,158.8838,183.8377,209.5827,235.5643,226.4113,211.0134,210.8610,206.4935,248.8941,94.1517,225.6568,236.2479,51.3548,105.6502,56.7287,131.4071,238.3112,200.0403,208.5068,97.6815,147.0701,206.9356
180.8492,50.1179,192.4193,178.6852,146.3262,53.6087,148.1213,140.4776,165.0186,70.6286,123.0083,129.0201,81.1290,229.1996,128.0144,188.4415,126.1603,71.4612,110.8380,157.7612,221.0770,55.8234,50.3097,89.5335,118.8600,95.2817,156.9575,137.6665,136.1052,110.6059,100.8693,169.3419,212.7431,96.1993,239.1206,91.7962,160.1845,89.7240,62.0299,53.4404,65.3907,86.9136,159.8609,90.9394,70.9403,185.3999,114.6469,87.3839,105.6527,211.2487,63.1380,106.6015,214.5232,243.0969,208.7757,104.4023,224.4507,99.6163,140.6626,224.4955,114.0341,58.3669,124.2182,204.9321,170.4168,55.3005,111.3924,203.4351,104.6377,83.5593,214.9821,195.5718,66.2412,91.2954,177.1234,84.5542,126.5254,92.1023,220.8733,199.1942,86.1918,116.2305,58.3281,257.7889,87.6100,118.6507,94.3899,211.6607,55.1126,111.4848,95.1984,126.6983,96.2951,104.7647,171.4124,124.2650,196.9301,191.5881,230.5947,53.7484,88.0713,106.0041,182.1348,122.9480,90.0268,139.0057,195.6497,73.0239,152.5214,232.2167,63.2453,98.4560,159.0377,221.2483,105.7646,121.8065,160.3461,154.9388,125.7727,203.6269,189.8393,201.3969,77.4612,202.8402,220.1680,134.7643,70.5287,117.6149,159.4144,184.4627,208.5641,235.6161,224.8717,210.7601,210.2116,204.8912,251.2586,94.5283,227.4260,234.3532,51.4216,105.4621,56.8671,131.5122,239.6743,198.4999,209.4159,97.8905,148.3555,205.2925
181.2579,49.8904,191.1570,180.2147,146.9876,53.2141,149.1818,140.1096,165.4080,70.7006,123.5619,130.2793,81.1745,230.0202,128.4394,188.3133,126.6220,71.7771,111.0597,157.0008,222.3238,56.2655,50.2312,88.8727,117.8259,94.8949,157.9306,136.9121,136.9191,110.3249,100.4476,167.9228,213.1771,96.6553,241.2105,92.5306,159.2234,89.1318,61.4244,53.2245,65.0363,86.8059,158.7131,90.3465,71.2411,184.6176,113.8764,86.8229,106.5613,210.2812,63.0382,106.5482,215.0982,242.9414,209.5899,104.5923,224.8368,100.2997,140.9777,226.3229,113.1287,58.8537,123.7933,204.5263,171.6404,54.9366,111.1518,204.5662,104.3531,83.1549,215.8163,197.1012,65.6345,91.3720,176.3299,84.7318,127.7147,91.8794,222.7772,200.4371,85.6953,117.2022,58.4670,259.8822,87.2753,119.4718,93.5895,212.3084,54.9373,110.8159,94.4064,127.6486,95.6114,104.6201,171.3507,124.4639,195.6776,192.8373,230.3226,54.1934,87.2188,106.3051,180.5648,122.2841,90.6714,139.9732,195.8923,73.6038,153.5402,234.2184,63.7070,99.3992,157.6477,219.5314,106.0332,122.7858,161.5455,154.0619,126.3664,205.1501,190.2228,202.9396,77.2954,203.8381,220.8946,135.1228,69.9955,118.0947,159.6631,185.9015,207.5213,236.3654,223.3561,210.8065,209.3876,206.6737,253.4948,94.2183,229.2408,236.0827,51.0153,105.8017,56.4520,130.2733,237.3686,196.9318,208.7667,97.9865,147.8541,206.6516
180.0979,49.9912,191.2067,180.1715,147.2081,53.6026,150.0113,139.7649,165.0011,70.8321,123.5989,129.8442,81.5381,228.3870,129.4515,189.0590,127.1057,71.4799,110.9442,158.3070,223.7645,56.1473,50.1318,89.2336,117.6444,94.0085,159.1720,136.8819,137.7762,110.1065,100.1624,169.5953,212.5717,96.7036,239.6475,93.3652,158.6502,88.3528,61.8360,52.9498,64.7658,86.5073,157.4688,90.0104,71.6414,185.9874,114.2044,86.8889,106.0029,209.8017,63.6471,105.8620,215.4509,243.8500,208.9695,103.6301,223.5912,99.3308,140.6055,225.4855,112.2735,58.2923,123.7314,205.8148,172.5192,54.8201,111.7920,202.8561,104.8894,83.9482,217.1327,198.1853,65.0976,91.4397,174.7077,84.5996,128.0774,90.9992,224.4837,199.3027,86.0432,116.2880,58.9101,261.0153,87.0327,118.3058,94.0237,210.2702,55.0549,111.6958,94.0854,127.4060,95.2347,103.8376,171.6694,125.6463,196.7343,193.9519,230.9813,54.2661,87.2956,106.7601,181.3521,121.5235,90.0766,140.8074,194.2272,73.4565,152.5391,235.1928,63.8829,100.2918,158.4297,220.7783,106.3174,122.0859,161.7329,153.8246,125.8710,206.6107,189.2108,201.9289,76.9491,203.5976,220.8283,134.5580,69.5924,119.0301,158.2613,187.0876,206.4422,238.1712,223.5839,211.1860,208.7133,206.3968,254.3415,94.5801,229.2729,238.1131,50.8153,105.2621,56.3481,131.4302,237.3829,198.8460,207.8398,98.7429,147.2745,204.7049
180.4076,49.9822,191.7803,180.4634,146.2188,53.2188,149.5942,140.1255,165.3740,71.2670,123.2405,129.0547,82.0861,230.3557,130.1168,189.3577,128.0742,71.4241,110.2297,158.1329,222.2205,55.7217,50.2200,89.4870,117.7903,94.4729,159.0446,136.9613,136.8889,109.5163,100.5770,169.2697,214.0980,97.4289,238.6793,93.1094,159.3387,88.6019,61.7828,52.7539,64.7152,86.4173,158.4546,90.8943,71.7962,187.5088,113.0646,86.0374,106.2446,208.5178,63.1991,105.0300,215.4682,244.9424,208.8233,104.0881,222.7907,99.8533,141.2692,224.4618,111.7974,58.2130,123.2885,205.3620,173.8096,54.7730,111.7943,202.8358,105.6551,84.3931,218.1837,198.4231,64.8619,92.3010,176.1787,85.2899,128.5692,90.7790,225.4490,200.0760,86.8968,115.4112,58.9054,258.5878,87.4174,117.8751,93.5592,211.9818,54.7917,112.6385,94.0572,126.2772,95.6519,103.8126,172.9123,126.1639,198.5875,193.9364,229.4568,53.8037,87.1541,106.7814,180.0028,122.0728,90.1289,140.4357,192.7549,72.7896,152.1425,235.6679,63.6771,100.8615,158.8384,220.8092,107.2317,122.9552,160.5846,155.0460,126.7873,204.9124,188.0453,203.7624,77.2292,201.7123,221.0271,135.7044,69.3126,120.1680,159.7173,187.9220,205.5338,240.5101,223.3738,209.6401,207.9787,207.2306,256.3711,93.9445,230.9145,238.4035,50.5572,105.4053,56.1419,132.5053,235.2844,198.2097,208.3677,98.6600,145.9726,206.6865
182.1901,49.7533,191.9030,180.3984,144.7713,52.6919,148.5561,140.4058,166.5846,71.4823,122.4912,128.0300,82.6656,231.5259,130.3745,188.6571,128.4943,71.9770,109.5331,159.0595,224.4383,55.6571,50.4108,88.7442,117.7196,94.7658,157.7245,135.9067,137.7951,108.7081,101.0759,169.4457,212.0983,97.2379,240.5649,93.5321,158.3667,88.5080,61.4516,52.8520,65.0660,86.7042,157.9127,90.0799,72.3289,185.8062,113.7363,85.4884,105.8026,206.5076,63.8070,104.7086,214.6149,244.5358,207.9504,104.8188,224.4661,99.5178,140.3170,226.2440,112.0210,57.7205,123.7890,204.0190,172.9718,54.2691,112.5992,204.1339,104.7465,84.1889,216.0411,197.5461,64.6271,92.9970,176.9469,86.1411,127.8390,91.1457,223.4605,199.4237,86.2451,115.1850,59.0032,259.5084,87.7286,119.0397,92.9287,213.5547,55.2804,113.6500,94.9319,126.5399,94.8541,103.8085,173.1198,126.5273,200.4820,194.6152,229.7780,53.6455,87.4522,105.7627,181.4212,122.1094,90.2244,139.1324,190.9585,72.1534,152.6477,237.7559,64.0554,101.1419,158.7431,220.9285,107.0151,123.9585,161.2173,155.5421,126.1331,205.8755,189.8693,205.7797,76.7087,201.1354,220.2446,134.7382,69.2599,120.3050,158.8324,189.0232,205.4968,242.8093,222.4847,209.2166,206.2608,206.9032,257.7863,94.5833,230.8268,236.5011,50.8474,106.0082,56.3428,133.6793,237.1432,199.7161,210.0222,99.4315,145.6719,205.3182
183.2140,49.2657,189.9994,178.6774,143.7347,53.1693,149.1562,139.0270,167.1976,71.7325,123.3241,128.0812,82.2076,231.8037,131.4331,189.7174,129.7022,71.3824,108.6152,160.2589,224.5864,55.2141,50.1003,88.3875,118.2682,93.9982,157.9390,135.6974,137.5250,108.6603,101.5530,169.7168,211.4111,96.4989,242.0660,93.2178,158.8007,89.2072,61.9678,53.3288,65.4108,86.1059,156.5294,90.6528,72.3448,184.4461,113.9546,85.6184,104.8610,205.6857,64.1605,105.1923,213.5161,242.4964,208.1999,105.7181,222.8185,98.9804,140.6482,225.0132,111.4833,57.6824,124.0564,203.5375,171.8890,54.2191,112.5001,204.4401,105.2074,84.7799,216.8361,198.8301,65.0433,92.6733,177.4175,86.3255,128.4168,90.4275,225.6862,199.4796,86.0277,115.2011,58.9230,260.7333,87.8812,118.3565,93.7948,211.7310,55.7448,113.7773,95.6420,126.4817,94.5715,103.2978,172.8359,126.8942,201.2078,193.7705,231.7082,53.3076,87.8755,105.4539,181.2326,121.5428,90.0638,140.3206,191.8751,72.5719,151.7806,235.4259,63.5340,100.1811,158.0319,219.7752,107.0194,122.8627,160.1758,155.7164,126.3829,205.3443,191.4452,204.0429,77.1552,200.4676,220.2358,134.3933,69.1394,121.0316,158.6196,188.6640,206.1462,241.9741,223.7662,207.9864,206.0958,207.7846,257.3378,93.6753,232.6549,237.9106,51.1576,106.3177,56.7575,134.3477,238.7984,200.7865,211.9964,99.6323,146.6479,203.7455
183.3239,49.3800,190.3604,179.6208,144.4965,52.9907,147.9779,138.3874,166.3315,71.5718,123.1540,129.2135,81.9002,233.2038,131.8090,189.6605,128.9655,71.4895,108.2350,158.8967,224.1013,55.6249,49.8819,87.5071,117.5255,93.9080,158.4002,136.4628,136.2185,108.1278,100.6410,169.3333,213.5167,95.7346,240.0229,93.4583,159.1723,89.4124,61.7906,52.8008,65.9027,86.2248,157.3120,91.4378,72.9959,183.9297,115.0623,85.8787,105.1378,206.2205,64.5981,105.2975,214.1822,240.9395,206.2970,106.0522,223.8034,98.6775,139.7452,222.8756,110.3997,57.9281,124.8280,204.9256,172.6247,54.1888,112.9613,205.0698,104.9107,84.5221,215.3356,197.7684,64.4332,93.1627,177.3253,86.7364,128.3192,90.3986,223.6776,201.0116,86.4389,114.6504,58.7969,259.8468,88.1994,117.8073,93.1176,212.0824,56.0246,114.8126,95.7223,126.9876,94.5469,103.9217,172.3243,127.8408,200.6484,195.1230,233.0613,52.9131,87.8228,104.8085,182.3707,122.7145,89.4982,141.4376,193.4945,72.0189,151.2646,237.0032,64.1236,99.5980,157.3366,221.3840,106.1482,122.7251,159.9035,155.8316,127.3636,206.6134,189.5959,202.8227,77.5965,201.8067,220.9273,135.5168,69.1684,120.4240,157.5156,189.1621,207.8696,242.2596,224.3525,208.1944,207.8022,206.8662,256.2466,92.9334,234.6883,238.2865,51.1586,105.2864,56.2161,134.0601,240.8999,200.0235,214.0782,99.4191,145.3896,204.3404
183.7822,49.3869,191.1028,179.0245,145.7912,53.2503,148.8332,138.7473,164.9743,72.1315,122.2623,128.4873,82.2835,234.5424,130.8046,190.1005,128.3929,71.2250,109.2611,158.9348,225.7865,55.4658,49.5277,86.9856,117.0013,94.1822,159.8987,135.7586,135.0144,108.6252,99.7816,169.8921,215.1993,95.3498,241.3383,93.8826,160.4106,90.1956,61.7906,52.5906,65.9475,86.9542,158.6775,90.5948,73.4821,184.9266,114.8575,85.4115,105.1799,207.1073,64.4663,104.8300,212.3403,240.0047,205.2366,106.6673,222.9126,98.9380,139.7620,223.1653,109.5496,58.0973,124.8305,206.4994,173.5845,54.3557,113.5917,203.1955,105.8108,85.2203,216.0548,199.3545,64.0208,92.3223,176.7437,86.1188,127.8932,91.2845,223.9192,199.1904,85.8996,113.7539,58.4641,257.5497,88.7462,117.3596,92.4881,213.1895,55.8487,114.4728,95.9999,128.2524,93.6373,103.0238,171.1008,127.3167,201.2022,195.6889,232.7817,52.8739,88.6290,104.2111,181.5829,123.6201,89.7810,140.2523,191.8575,72.3271,150.7654,237.0885,63.8401,100.1557,157.7960,222.6282,105.5496,121.5715,161.4578,155.6602,127.8501,207.9481,188.8185,201.3908,77.4149,200.7856,222.5622,134.3622,68.8434,119.4052,157.0872,188.5795,205.8491,240.6268,226.0127,207.9862,209.3691,206.3863,256.7181,93.5449,235.5285,240.3072,50.9089,106.1330,56.3049,135.0522,238.7221,198.2953,212.4897,100.2165,146.7214,205.5010
183.5800,49.3572,189.6580,180.1774,147.1412,53.3132,147.4729,139.4993,165.0996,71.6511,122.5264,129.3379,82.3756,234.2375,129.7739,189.9142,128.3312,70.9173,110.1374,160.2921,227.5341,55.2173,49.1582,86.5368,116.9358,94.2048,160.8997,135.9568,136.1512,108.8555,99.3964,168.4378,216.3785,94.3963,243.4138,93.2536,161.7677,90.9876,61.3482,52.4160,66.5121,87.0777,160.0358,90.7053,74.1978,185.5257,115.9141,85.0510,104.2206,207.9564,64.4870,103.8152,211.2276,239.3183,203.6645,106.0081,223.0553,98.1129,141.0729,221.7862,109.8410,58.4494,125.5895,206.2062,173.1089,53.8708,113.8029,204.1505,106.0881,84.6732,216.9666,199.7053,64.4152,92.1838,177.7688,86.0051,128.0927,90.6017,222.3697,197.9355,85.7879,113.5309,58.7330,257.7300,88.8012,118.4182,93.3260,213.9016,55.7125,115.3039,95.3203,128.0523,93.5137,103.8274,171.0631,127.0977,199.4678,195.3210,233.2426,52.5599,88.5793,104.9385,180.6277,123.5435,90.2622,138.9480,192.5674,72.1665,149.8186,237.8567,64.3700,100.7767,157.8023,222.2630,104.5616,121.3794,162.7043,156.8774,128.0905,209.4952,190.2007,202.1279,77.2059,202.5445,222.3218,134.9050,69.0430,120.5133,156.3897,189.0510,206.6807,239.3803,225.1268,210.0203,211.2366,207.0054,258.9259,93.9322,237.1113,240.6292,51.3488,105.7296,56.8612,133.9718,236.8267,198.6324,214.2406,99.9078,147.8776,206.2737
184.3327,49.3178,188.7666,181.5431,146.3643,52.8238,147.0599,139.0836,164.5944,71.5178,121.4800,128.9473,82.5997,234.3921,130.9107,190.6928,129.4195,71.1754,111.1132,160.5197,227.6388,55.6469,48.9508,86.7860,116.2248,94.2010,160.9383,137.2212,136.2846,108.8533,99.6687,169.8931,217.2917,94.8570,241.2279,93.4998,160.8197,91.4480,61.0341,52.4517,66.7023,87.1090,161.2488,91.3928,74.2957,184.5944,114.7759,85.2688,103.6245,209.6908,64.3773,102.8020,212.4696,239.4427,205.1961,105.6456,220.8917,98.0187,142.2551,222.9084,109.5620,58.8714,124.7204,204.2266,174.6565,53.7297,113.7802,204.3873,106.9092,84.6207,216.8234,198.6349,63.7852,91.9773,177.9003,85.7557,128.7588,89.7718,223.7217,197.9197,86.2855,114.4482,59.1277,259.0187,89.6715,118.3614,92.7661,212.9818,55.4071,114.8703,95.2726,127.6656,93.3510,104.6019,172.0690,127.2121,200.6048,197.0906,232.6828,52.2130,88.4748,105.0267,181.8126,123.3631,89.5239,139.8956,193.9000,71.7826,148.6800,237.9994,64.8283,100.3555,156.4736,222.3653,104.5114,120.2433,161.1098,157.8971,128.1725,211.4477,191.0756,203.9834,76.7195,201.3495,221.4548,134.5165,68.4755,119.8457,157.7096,188.3439,206.7675,241.3959,223.0466,208.1511,211.6464,208.4089,257.9524,94.4093,237.6092,241.8901,51.4012,106.3556,57.3877,134.5907,236.6230,200.0626,215.8260,99.0046,146.4727,206.9256
186.0286,49.6709,190.0540,179.9419,146.7566,52.5396,146.4040,139.4730,163.1756,71.5092,122.0388,127.7377,81.9587,233.2624,130.4002,189.6288,128.1356,71.0246,110.5776,159.3543,227.9211,55.4632,49.0262,86.7808,116.4875,93.8675,161.7140,136.5296,137.2141,108.3134,98.7578,170.6984,217.2612,94.6084,238.9604,93.2249,160.1282,92.2180,60.5922,52.6038,66.7276,87.1578,161.7938,91.0035,73.9213,186.0490,114.9411,86.0976,103.1105,210.3031,64.0052,103.4147,213.8549,238.5329,206.1892,104.9335,221.0419,98.3794,141.4699,224.9235,108.6154,58.5393,124.2839,205.0476,175.2992,53.9640,113.1589,204.2238,107.0610,85.4432,214.6855,197.5742,63.1933,91.9166,177.1176,86.4143,127.8369,90.4738,222.2227,199.0241,85.6694,115.5332,58.6937,258.6561,89.3827,118.4371,92.6733,211.7081,54.8952,115.8421,94.4685,126.7796,92.7946,104.9827,172.1654,127.1688,199.7863,196.6137,230.7795,52.6944,88.5084,104.3293,181.7581,122.7438,90.2705,139.2185,195.6877,71.2615,149.6434,239.0895,64.8037,100.2471,157.1183,222.7611,104.3505,121.1523,160.7779,156.9940,128.5006,210.1452,190.7661,202.9717,76.6182,200.0165,222.5178,133.3408,68.5029,119.1122,158.7505,187.5981,204.7867,239.8027,223.6220,209.7664,212.7639,206.3582,260.1450,93.6786,236.9962,243.7865,50.9447,106.0450,57.3269,135.4871,238.8378,198.7622,217.7512,98.9215,146.4698,205.0136
184.5478,49.2576,190.6622,180.0391,147.7692,52.9189,146.4919,139.2777,164.0209,71.6680,122.8638,127.0275,81.1408,235.4177,129.5108,189.5150,126.8645,71.3015,111.5728,160.0364,229.9724,55.1660,48.6192,86.4805,116.0495,93.2593,161.2095,136.4450,137.6779,109.0608,99.2338,170.4355,217.0005,93.7040,238.1623,92.9284,160.7623,92.3323,60.7643,52.4050,67.2721,87.7819,161.1855,91.1437,73.5783,187.4034,115.0170,86.8398,103.5704,211.1106,64.5224,103.0858,212.6958,236.5817,204.8696,104.1822,219.9146,98.8240,140.8587,226.8399,107.7986,59.0978,124.6294,203.8132,175.4114,53.9499,112.9032,204.4035,106.6670,84.8776,216.7851,197.4912,63.4726,91.4001,175.9486,86.0116,127.0468,90.3797,220.2761,197.3204,85.1211,114.4426,58.2746,257.8956,89.6133,119.0861,92.7048,213.2917,54.9676,116.2476,94.9956,126.6554,91.9762,105.9716,173.7734,127.8250,201.0650,197.9428,231.3887,53.0780,88.8164,104.3627,183.0268,123.2864,90.5287,137.9878,196.6818,71.6292,150.9872,237.0524,64.2710,100.4997,155.6257,220.8231,104.3046,121.7460,161.9226,158.2688,127.6499,208.2329,191.5864,202.7403,77.2358,199.2245,221.1070,133.2155,68.2686,120.0318,158.6870,189.3502,203.3245,240.0953,225.6257,207.7610,213.0320,206.3705,259.5206,93.2421,238.7547,244.1327,51.4368,106.3334,57.2375,135.1592,237.5528,198.4760,219.8634,99.4655,146.0392,204.5133
184.8763,49.5660,190.4677,178.3575,147.4293,53.2713,145.3932,139.7708,165.4183,71.6651,122.6058,127.0885,81.8402,234.1323,130.2516,190.7089,125.9993,71.0891,111.4568,160.0236,227.9026,55.1538,48.6543,86.2903,115.8824,93.6771,161.0096,136.0930,137.2566,110.1165,99.8947,168.7448,218.2982,94.1500,240.1581,93.2351,160.2865,92.1107,60.8044,51.9113,67.3192,87.9680,161.4498,91.4408,74.0153,186.9499,114.8468,86.7651,104.2602,209.1937,64.2811,103.5848,210.8922,236.6290,205.9431,103.6717,220.1433,98.1026,140.0051,228.1283,108.4044,58.6616,125.0357,201.8362,174.4291,54.1862,112.7993,205.4868,105.9609,85.4547,216.8068,198.7986,62.9521,91.3434,175.2131,86.7995,126.1956,90.5424,219.2716,195.9628,85.6625,113.5133,58.6161,260.1393,89.4682,119.4124,93.5206,214.0681,54.9215,117.0962,94.9975,126.8276,91.8861,105.4778,173.2555,127.7202,199.2755,198.3941,231.9579,53.1374,88.8306,104.5651,182.4631,123.4614,91.0628,137.9188,197.9799,71.4387,150.9963,237.1093,64.4381,100.2987,156.5252,221.3354,104.6425,121.9018,162.7387,159.8166,128.0022,209.8737,191.0001,200.8345,77.4706,199.1288,220.1916,131.9926,68.8693,120.1758,159.3599,188.5057,203.1903,240.2249,225.9371,206.6931,211.3107,205.1612,261.0206,94.0813,237.4940,244.8407,51.9029,106.2696,57.2832,135.6431,237.1585,197.2931,219.8194,98.7016,146.7606,203.1145
183.4675,49.9972,189.7021,177.4372,148.1340,53.5217,144.6953,140.3914,165.6367,71.1950,121.5784,127.0834,81.3672,234.3524,129.3685,189.7516,125.0216,70.7635,112.0342,161.4766,227.4422,55.2255,49.0055,86.2644,114.9693,93.3286,160.4814,137.0021,137.2977,109.0770,100.6219,169.4366,218.8614,94.5228,240.4270,93.1754,159.4754,92.5749,61.2714,51.4171,66.9638,88.2407,160.1550,90.5666,73.2989,186.5311,115.6231,87.0479,103.5491,211.2606,64.7413,104.5709,211.5670,238.5315,207.3971,104.4741,221.8824,98.8698,139.8875,227.8500,108.9421,59.1157,125.1032,203.2814,172.9953,53.9727,112.1271,205.7622,105.5837,85.0292,217.5136,200.7468,62.8124,91.0712,174.8522,86.5495,125.1987,90.9752,218.2761,194.4853,85.9143,113.2976,58.0569,262.2412,88.7202,119.8208,93.6609,214.5647,55.3861,117.6442,95.0621,127.8042,91.6784,105.4145,172.4101,127.6129,198.1516,197.1243,233.6095,53.4679,88.2159,103.7976,182.3901,123.9133,90.6476,139.0167,199.3856,70.7700,151.6788,238.3660,64.8492,100.1583,155.8803,219.7550,104.8623,122.4942,163.2269,160.6956,127.0064,211.7374,192.5548,199.9348,76.9763,198.8939,219.8305,132.4651,68.7371,119.0654,160.9471,190.2739,202.5239,242.6127,224.8300,206.9701,209.8527,206.5686,262.9470,94.0116,236.5108,246.5693,52.0025,106.5523,57.6556,134.6041,238.6763,197.8455,221.8154,98.2910,147.6911,203.7035
181.9007,49.5032,190.7985,176.7807,149.5976,53.0796,145.1583,141.4555,164.8847,71.8343,121.4471,126.1862,81.3265,232.3557,128.8174,188.0552,125.0266,71.1527,112.3053,161.7059,226.8054,55.2333,49.1771,85.9314,114.3093,93.0859,161.4154,138.1912,138.1792,109.0399,100.9278,168.0744,220.9406,94.2695,240.9415,92.8586,158.9938,92.8360,61.7591,51.3379,66.5660,88.9095,158.6816,90.7532,73.3766,186.7960,116.1666,87.4031,102.9817,210.1620,64.4021,104.6671,211.2201,236.8284,208.6788,104.7646,223.9015,98.5237,138.8719,227.8409,107.9573,58.7338,126.1991,202.9114,172.7047,54.4704,111.8535,203.7498,106.4790,84.2401,216.4695,199.5664,62.5385,91.9546,175.4012,85.8987,124.8882,90.1309,217.3812,195.2905,85.9916,113.1957,58.3878,264.2605,88.0388,119.1954,94.4851,215.8693,55.2421,118.7524,95.5298,126.7562,92.0598,105.8825,171.3997,127.3628,198.1833,197.3333,233.9926,53.4562,88.7893,102.8406,184.0753,123.0558,90.7582,137.7099,201.2957,70.5888,150.3228,237.0931,64.7779,100.0782,154.4462,218.3618,105.3572,123.6800,162.5740,159.3779,125.7744,213.5838,191.8000,201.1624,76.2573,200.2623,221.3737,131.5246,68.2491,118.3772,160.3065,191.8342,204.1481,242.2537,225.4370,207.7110,211.7455,206.1514,261.1063,94.5400,236.4304,246.4706,52.4217,105.8960,58.0822,134.9352,238.9436,199.5272,220.9503,97.7780,147.8417,203.5405
182.8066,49.4894,190.5276,176.4200,150.0913,53.3482,145.6983,141.5008,164.5055,71.4435,122.4915,127.1705,80.9735,230.4550,129.5826,187.2954,125.9143,71.4216,112.1840,161.9129,225.4400,55.7403,49.1918,86.7426,114.5768,92.2091,162.9683,139.3797,139.0939,109.6113,100.2637,167.0222,218.9521,93.7548,239.7272,92.5113,160.5456,92.3793,61.8097,51.4632,66.4249,88.8918,158.8720,90.8149,73.9181,188.2530,115.6229,86.9433,102.1022,208.2580,64.8954,105.5128,210.5019,238.9172,210.3691,103.7588,223.3328,99.4026,137.7749,225.9316,108.7842,58.6563,127.1507,203.7839,172.7047,54.4268,111.2673,203.4564,105.7571,83.6622,214.5343,200.0374,62.3059,91.3219,176.9903,85.6960,126.1096,90.5203,217.0812,195.3686,86.5145,114.0627,58.1590,264.8577,87.2377,119.6197,94.2867,215.8607,54.8444,118.1610,95.6063,125.6864,91.5074,106.8524,172.1676,127.0801,196.5621,197.8345,235.2234,53.2285,88.2211,103.6736,183.6262,123.2552,91.4407,136.8754,201.1669,70.2274,150.7286,237.0030,64.3659,99.5197,154.6655,217.8115,105.5742,124.8500,163.7705,160.5796,126.0612,212.3664,190.5610,199.6496,76.1674,200.3544,220.5192,132.2480,68.0266,117.2384,158.9696,191.5886,205.0137,240.9552,224.5533,206.4814,212.2198,206.5018,258.8608,94.5910,235.3145,246.2685,52.2466,105.1738,58.5260,134.7085,237.0464,201.3788,222.6030,96.9117,148.7022,203.3451
183.2490,49.3854,189.8912,174.9205,150.1003,53.8550,146.3656,141.7725,165.9761,72.0294,122.8810,128.3913,81.3217,230.8975,129.7718,187.7187,126.5111,71.5188,113.1622,160.7406,225.6249,55.7091,48.8327,87.3203,115.5003,92.9633,162.6065,138.1197,139.2136,109.8524,101.1099,168.1947,218.7288,93.0741,241.1991,91.8397,160.1346,93.2014,62.1027,51.3572,66.3093,88.6997,158.1571,90.8149,74.2419,186.6642,116.0507,87.2303,102.8516,208.3996,64.4814,106.3485,210.7798,236.8864,211.2064,102.8022,225.4590,98.4722,137.7005,226.1394,109.2846,59.0903,127.0973,203.0218,171.6719,54.2613,112.0885,203.8674,106.3768,83.9149,215.9073,198.8492,62.6548,91.0315,177.7337,85.4406,126.6039,90.4859,216.1477,194.8333,85.7064,114.7562,58.2462,266.5051,87.9112,119.9044,94.3451,217.6048,54.9420,118.0665,95.4246,126.0835,91.7545,106.3246,172.9183,125.9948,195.0014,199.6704,234.6353,52.9527,88.2493,104.2273,182.1572,122.8041,90.6433,135.9556,201.3761,69.6684,151.2290,239.1266,64.3595,98.5464,155.3646,217.0013,106.5772,124.7276,162.9615,161.4692,126.0309,213.3347,192.3446,201.0951,75.8703,201.1197,219.5313,132.0708,67.6592,116.4693,159.4242,193.1979,204.7964,242.8491,222.4470,208.4017,213.0645,204.6226,257.4423,95.1567,237.3099,247.7215,52.6133,105.5482,59.0012,135.8320,237.9851,199.3730,222.6030,97.6055,149.8680,204.3619
182.6846,48.9558,190.7723,176.4003,150.5386,53.6030,145.1127,142.7961,166.4741,71.5972,123.9870,128.1653,81.7007,229.4521,130.0910,188.3307,126.9185,71.9493,113.3297,162.1133,227.8180,55.8372,49.0476,86.5920,115.2785,93.5230,162.5544,137.6280,139.1579,109.5185,100.3617,169.7085,219.7874,93.7592,243.2445,92.1373,161.3100,92.5136,62.1276,51.1466,66.7682,88.9038,157.9989,91.1545,74.0488,188.4375,116.8979,87.4518,102.9010,207.9328,64.0842,106.1379,212.2552,235.9246,210.1123,102.0311,227.2266,97.9089,137.3810,224.8911,110.2507,59.3621,127.7963,201.9661,171.2359,54.6444,111.7791,204.1814,106.1407,83.3526,214.7069,200.1775,62.3967,90.1358,178.7148,85.5329,125.4366,91.2279,215.6592,194.8372,84.8871,114.4923,57.7919,267.7097,87.5789,120.4871,94.7282,215.6377,54.9431,118.8575,96.2968,125.8188,91.2058,106.6414,173.4439,126.6248,193.2113,200.6288,236.7471,52.7208,88.3235,103.3601,183.3121,122.9514,90.6977,135.5912,200.8042,69.1124,150.5425,241.4126,64.1767,97.8901,155.1409,218.1948,105.5668,124.7651,163.4243,162.8708,126.1267,213.1982,191.5676,202.7441,76.3877,202.8132,218.4907,131.5266,68.2398,117.2380,157.8778,192.2126,205.1568,241.0326,220.5117,208.8518,212.9409,205.9568,259.1105,94.9740,235.4114,249.9163,52.1682,105.8247,59.2148,136.4025,238.1660,198.4719,221.7616,96.8657,150.2846,204.7215
181.8333,49.4228,190.6922,176.2204,149.4306,53.1613,145.7657,144.1726,164.9292,71.8950,123.3695,129.0240,81.3526,229.3374,129.4198,187.7732,127.4287,72.2947,112.6996,161.7664,229.9777,56.1611,49.4164,86.0430,115.3592,93.5230,161.0752,138.1620,137.8860,109.9740,100.8756,168.2660,218.6226,94.4305,242.4126,92.7564,160.8680,93.3740,61.5398,51.1241,66.1566,89.7910,157.1299,91.3733,73.3305,189.3043,116.4700,88.2494,103.8106,206.7933,63.5702,106.9955,211.6609,238.1329,211.0956,101.9332,227.7083,97.8854,136.1913,226.7937,110.7138,58.8611,126.8583,200.0474,171.2941,55.0215,112.2866,204.4223,105.9029,83.3893,214.2045,200.5218,62.8259,89.6112,180.3304,85.6098,125.3564,91.5253,215.9612,194.5332,84.5390,114.7442,57.2590,266.0713,87.5859,121.0149,94.7793,214.3525,54.9837,119.3710,96.0233,125.2274,91.2660,106.1850,173.6867,125.8144,192.2144,201.7724,238.9583,52.7925,88.9753,104.0050,183.5174,122.9957,90.8247,135.4611,199.5833,68.8249,151.3795,239.5779,64.5168,98.2817,154.9082,219.2247,105.2164,124.2011,163.5485,164.1444,124.9134,211.5694,191.4143,202.7441,77.0691,203.5027,217.0749,131.3714,68.0501,116.1032,158.8535,194.1040,206.4329,242.5222,219.1930,210.7064,212.1275,205.9032,258.3591,94.6055,237.7044,249.1216,52.2767,106.2141,59.7252,135.7668,239.2473,200.1390,221.6950,96.9839,149.9420,202.9241
181.0150,49.2785,192.2559,176.3684,148.6476,53.5717,145.8445,143.9391,163.6955,71.6664,122.5084,128.2963,80.7197,231.2592,130.1290,187.0897,127.2808,71.6296,112.3232,161.6435,228.8048,55.7152,49.7613,86.1446,114.3671,93.7119,162.1544,137.4131,138.2472,110.0840,100.2138,168.2155,220.2928,93.6562,240.2648,93.0514,161.6884,93.8539,61.0844,50.9155,66.1632,89.3079,156.0709,90.9749,73.5579,187.9451,117.4600,88.4047,104.0079,207.2400,64.0343,106.5354,213.1933,238.1996,210.0359,102.1554,227.0388,97.4077,136.5563,228.9664,110.6230,58.3596,127.1577,200.1594,171.2290,54.5461,112.7380,204.8066,105.4581,84.1265,214.2302,198.9537,63.4077,89.3119,181.5819,84.7863,126.4996,90.7857,214.7000,192.9653,85.0581,113.7046,57.3885,263.4266,86.9482,122.1572,93.9074,212.3761,55.0024,118.2155,95.6334,124.5111,92.0892,106.9410,173.8570,126.3831,192.8986,199.8314,236.6452,52.5159,88.3097,103.8678,183.0072,121.7952,91.4368,135.2823,199.1003,69.2282,150.9405,239.9181,64.6420,97.7057,154.4744,217.4226,105.7509,125.3959,164.7980,165.7793,124.0015,212.5934,189.9060,201.2884,76.3894,203.7551,216.8361,132.3961,67.9276,117.1945,158.8154,193.9681,208.3981,241.1592,219.6358,210.6727,213.7099,204.2684,259.2582,94.6622,236.2924,249.0768,52.1691,105.7765,60.0107,136.6032,239.6923,202.1044,223.8942,97.6472,151.1625,204.3527
182.7310,48.9887,193.1441,176.4742,148.9389,53.7496,145.0948,145.1597,164.5435,72.0806,122.8784,128.4683,81.5027,229.5433,130.8109,186.7679,127.3318,71.0508,112.7365,161.0874,228.7956,56.0517,49.4707,85.6260,113.9600,94.5947,161.3209,138.5427,137.7025,109.8198,100.1337,169.6386,219.7113,94.1450,238.8232,93.9391,160.6213,94.6442,61.5194,50.6742,65.5757,89.1954,157.1103,90.5710,73.0062,186.9978,117.2275,87.9733,104.4614,209.0761,64.5120,105.6320,214.4810,239.4048,211.1575,101.4955,227.5474,97.5675,135.7205,228.7741,111.3398,57.9161,127.2975,200.7999,170.1879,54.2417,113.0965,206.0641,104.8570,83.8539,212.4906,197.3900,63.7856,90.1425,182.4389,84.0622,126.9247,90.2737,213.9227,192.9074,84.2092,114.4027,57.8303,263.4529,87.1204,122.4284,93.2575,212.7457,54.7417,118.7238,96.0217,124.8822,91.7135,106.2823,174.4237,127.5913,193.9094,200.0112,236.7019,52.6356,88.3256,103.1220,182.5167,120.6918,91.5319,134.2703,200.1714,68.6370,149.9835,238.7809,64.5812,97.6803,155.0213,219.2142,105.5267,125.3207,165.3419,166.9928,122.8706,211.6835,189.1995,201.6628,76.3023,204.1830,216.8188,131.2893,68.5049,117.7383,157.5639,193.9138,210.3279,242.5193,220.1717,208.9241,214.1715,203.0591,258.5271,94.4900,234.5627,247.2535,52.3892,105.0086,59.6627,137.5730,237.5159,200.1197,221.9777,96.8504,152.1723,202.3214
182.6141,49.2660,191.4792,176.7707,149.2011,53.2959,143.7599,146.3500,163.5990,72.3027,122.8218,129.1723,82.2264,230.3054,131.2635,188.1500,126.7791,71.4245,113.4310,161.0230,226.8509,56.3241,49.6627,86.0541,114.2312,95.0071,162.4373,138.3543,138.0661,110.8543,99.5849,170.3103,219.1356,94.5329,237.9491,94.2566,160.7080,94.3053,61.6424,50.6093,65.1219,89.1669,156.8621,90.7431,72.7901,187.3943,116.3975,88.0190,103.5546,207.7464,64.9313,106.5383,216.2226,240.5540,212.7285,102.1836,229.2585,97.0523,134.7434,227.5112,110.6540,57.5825,128.5527,199.3662,171.2805,54.7028,113.5874,207.6137,105.8091,83.1630,211.1859,197.2320,64.2704,90.3715,182.7235,84.3110,126.0057,90.3351,214.4961,194.7323,84.5595,113.9383,57.8118,265.1338,87.3556,121.9191,93.0953,214.4774,54.6640,118.6454,95.8393,125.0445,92.2766,107.2303,173.9563,127.1575,192.6374,200.0272,235.5184,52.7809,87.8310,103.9738,181.6881,119.8469,92.3484,133.3170,201.8929,69.0955,151.2374,238.5660,65.0385,97.4361,154.3733,221.0074,106.0944,125.5262,166.5952,166.6755,123.6791,210.9468,187.9130,203.4616,75.6781,205.7633,218.2238,131.1265,68.6378,117.5641,157.5922,194.7477,212.0105,241.6754,219.7842,208.2138,214.4200,203.7576,257.1413,93.6320,233.1366,246.3585,52.4007,104.3092,59.6913,138.6819,235.9388,200.3199,221.5249,96.1144,152.8540,203.8509
